<?xml version="1.0" encoding="UTF-8" standalone="yes"?>
<JMSConnections xmlns="http://jms.utils.jetblue.com/Connections/JMSConfig">
	<JMSConnection id="FlightDomainEMSConnection">
        <ConnectionInfo>
            <Username>SVC_INT_FPES</Username>
            <Password>heY7HdA9bWuU9nVeTUTj</Password>
            <JNDIConfig>
                <InitialContextFactory>com.tibco.tibjms.naming.TibjmsInitialContextFactory</InitialContextFactory>
                <InitialContextProperties>
                    <ProviderURL>tibjmsnaming://jbecllemsq01.jblab.net:7222</ProviderURL>
                    <SecurityPrincipal>SVC_INT_FPES</SecurityPrincipal>
                    <SecurityCredential>heY7HdA9bWuU9nVeTUTj</SecurityCredential>
					<SecurityProtocol>tcp</SecurityProtocol>
					<SSLProperties>
						<SSLTrace>true</SSLTrace>
						<SSLDebugTrace>true</SSLDebugTrace>
						<SSLDisableVerifyHost>true</SSLDisableVerifyHost>
						<SSLDisableVerifyHostName>false</SSLDisableVerifyHostName>
					</SSLProperties>
                </InitialContextProperties>
                <JMSConnectionFactory type="QueueConnectionFactory">
                    <FactoryName>QaFesIntSSLQueueConnectionFactory</FactoryName>
                    <Session>
                        <NumSessions>10</NumSessions>
                        <Transacted>false</Transacted>
                        <AckType>CLIENT_ACKNOWLEDGE</AckType>
                    </Session>
                </JMSConnectionFactory>
            </JNDIConfig>
        </ConnectionInfo>
    </JMSConnection>
</JMSConnections>