<?xml version="1.0" encoding="UTF-8"?>
<!DOCTYPE log4j:configuration SYSTEM "log4j.dtd">

<log4j:configuration xmlns:log4j="http://jakarta.apache.org/log4j/">

  <!-- appender name="iapi_log" class="org.apache.log4j.RollingFileAppender">
    <param name="File" value="/home/tibdev/aci/iapi-logs/${iapi.app.name}-iapi.log"/>
    <param name="MaxFileSize" value="100MB"/>
    <param name="MaxBackupIndex" value="5"/>
    <param name="Encoding" value="UTF-8"/>
    <param name="Threshold" value="ALL" />
    <layout class="org.apache.log4j.PatternLayout">
      <param name="ConversionPattern" value=">>%d{yyyy-MM-dd'T'HH:mm:ss.SSSZ}|%X{HostName}|%X{IPAddress}|%X{PID}|%X{AppName}|%X{AppID}|%X{LogSource}|%c|%p|%t|%X{MessageID}|%X{TransactionID}|{&quot;Type&quot;:&quot;LogMsg&quot;:%m}%n"/>
    </layout>
  </appender-->
  
  <appender name="iapi_log" class="org.apache.log4j.RollingFileAppender">
    <param name="File" value="${iapi.logfile.location}/${iapi.app.name}-iapi-watch.log"/>
    <param name="MaxFileSize" value="100MB"/>
    <param name="MaxBackupIndex" value="5"/>
    <param name="Encoding" value="UTF-8"/>
    <layout class="com.jb.monitor.log4j.JSONEventLayout">
      <!--param name="LocationInfo" value="true"/-->
    </layout>
  </appender>

  <appender name="iapi_metrics" class="org.apache.log4j.RollingFileAppender">
    <param name="File" value="${iapi.logfile.location}/${iapi.app.name}-iapi-metrics-watch.log"/>
    <param name="MaxFileSize" value="100MB"/>
    <param name="MaxBackupIndex" value="5"/>
    <param name="Encoding" value="UTF-8"/>
    <layout class="com.jb.monitor.log4j.JSONEventLayout"/>
  </appender>

  <appender name="iapi_hs" class="org.apache.log4j.RollingFileAppender">
    <param name="File" value="${iapi.logfile.location}/${iapi.app.name}-iapi-hs-watch.log"/>
    <param name="MaxFileSize" value="100MB"/>
    <param name="MaxBackupIndex" value="5"/>
    <param name="Encoding" value="UTF-8"/>
    <layout class="com.jb.monitor.log4j.JSONEventLayout"/>
  </appender>

  <appender name="iapi_internal" class="org.apache.log4j.RollingFileAppender">
    <param name="File" value="${iapi.logfile.location}/${iapi.app.name}-iapi-internal.log"/>
    <param name="MaxFileSize" value="100MB"/>
    <param name="MaxBackupIndex" value="5"/>
    <param name="Encoding" value="UTF-8"/>
    <layout class="com.jb.monitor.log4j.JSONEventLayout"/>
  </appender>
  
  <!-- Oversized logger -->
  <appender name="iapi_oversized" class="org.apache.log4j.RollingFileAppender">
    <param name="File" value="${iapi.logfile.location}/${iapi.app.name}-iapi-oversized.log"/>
    <param name="MaxFileSize" value="100MB"/>
    <param name="MaxBackupIndex" value="5"/>
    <param name="Encoding" value="UTF-8"/>
    <layout class="com.jb.monitor.log4j.JSONEventLayout"/>
  </appender>

  <appender name="iapi_audit" class="org.apache.log4j.RollingFileAppender">
    <param name="File" value="${iapi.logfile.location}/${iapi.app.name}-iapi-audit.log"/>
    <param name="MaxFileSize" value="100MB"/>
    <param name="MaxBackupIndex" value="5"/>
    <param name="Encoding" value="UTF-8"/>
    <layout class="com.jb.monitor.log4j.JSONEventLayout"/>
  </appender>

<appender name="console" class="org.apache.log4j.ConsoleAppender"> 
    <param name="Target" value="System.out"/> 
    <param name="Threshold" value="ALL" />
    <layout class="com.jb.monitor.log4j.JSONEventLayout"/>
</appender> 
  
<root>
  <level value="ALL"/>
</root>

<logger name="iapi_metrics" additivity="false">
   <level value="ALL" />
   <appender-ref ref="async_iapi_metrics" />
</logger>

 <appender name="async_iapi_metrics" class="org.apache.log4j.AsyncAppender">
   <param name="BufferSize" value="500"/>
   <param name="Blocking" value="true"/>
   <appender-ref ref="iapi_metrics"/>
   <appender-ref ref="console" />
 </appender>
  
<logger name="iapi.logger" additivity="false">
   <level value="ALL" />
   <appender-ref ref="async_iapi_log" />
   <appender-ref ref="console" />
</logger>

<!-- Oversized Logger -->
<logger name="iapi.oversized.logger" additivity="false">
   <level value="ALL" />
   <appender-ref ref="async_iapi_oversized_log" />
   <appender-ref ref="console" />
</logger>


<logger name="iapi.logger.audit" additivity="false">
   <level value="ALL" />
   <appender-ref ref="async_iapi_log_audit" />
   <appender-ref ref="console" />
</logger>

<logger name="iapi.internal.logger" additivity="false">
   <level value="ALL" />
   <appender-ref ref="async_iapi_internal_log" />
   <appender-ref ref="console" />
</logger>

<logger name="iapi.healthstatus" additivity="false">
   <level value="ALL" />
   <appender-ref ref="async_iapi_hs" />
   <appender-ref ref="console" />
</logger>

<logger name="iapi.metrics" additivity="false">
   <level value="ALL" />
   <appender-ref ref="async_iapi_metrics" />
   <appender-ref ref="console" />
</logger>

<appender name="async_iapi_log" class="org.apache.log4j.AsyncAppender">
  <param name="Blocking" value="false"/>
  <param name="BufferSize" value="500"/>
  <appender-ref ref="iapi_log"/>
</appender>

<appender name="async_iapi_log_audit" class="org.apache.log4j.AsyncAppender">
  <param name="Blocking" value="false"/>
  <param name="BufferSize" value="500"/>
  <appender-ref ref="iapi_audit"/>
  <appender-ref ref="iapi_log"/>
</appender>

<appender name="async_iapi_internal_log" class="org.apache.log4j.AsyncAppender">
  <param name="Blocking" value="false"/>
  <param name="BufferSize" value="500"/>
  <appender-ref ref="iapi_internal"/>
</appender>

<!-- Oversized -->
<appender name="async_iapi_oversized_log" class="org.apache.log4j.AsyncAppender">
  <param name="Blocking" value="false"/>
  <param name="BufferSize" value="500"/>
  <appender-ref ref="iapi_oversized"/>
</appender>

<appender name="async_iapi_metrics" class="org.apache.log4j.AsyncAppender">
  <param name="Blocking" value="false"/>
  <param name="BufferSize" value="500"/>
  <appender-ref ref="iapi_log"/>
  <appender-ref ref="iapi_metrics"/>
</appender>

<appender name="async_iapi_hs" class="org.apache.log4j.AsyncAppender">
  <param name="Blocking" value="false"/>
  <param name="BufferSize" value="500"/>
  <appender-ref ref="iapi_log"/>
  <appender-ref ref="iapi_hs"/>
</appender>
        

</log4j:configuration>
