<?xml version="1.0" encoding="UTF-8" standalone="yes"?>
<MetaSpaces xmlns="http://common.jetblue.com/Space/Config">
    <MetaSpace id="ScheduleConnectionId">
        <name>SchedulerMS</name>
        <discoveryURL>tcp://jbecllasi01.jblab.net:52000</discoveryURL>
        <listenURL>tcp://:52000</listenURL>
		<persistenceLocation>/opt/tibco/appsdata/flight/node-datastores</persistenceLocation>
        <Spaces>
            <Space memberRole="SEEDER" minSeeders="1">
                <Name>Flight</Name>
				 <PersistenceConfig>
                    <PersistencePolicy>NONE</PersistencePolicy>
                    <PersistenceType>SHARE_NOTHING</PersistenceType>
                </PersistenceConfig>
                <FieldDefs>
                    <FieldDef name="ScheduleKey" isKey="true"/>
                    <FieldDef name="ScheduledTime" type="LONG" indexes="i_ScheduleTime"/>
                    <FieldDef name="ScheduleState" indexes="i_ScheduleState"/>
                    <FieldDef name="ScheduleInterval" type="LONG" isNullable="true"/>
                    <FieldDef name="Data" type="BLOB"/>
                </FieldDefs>
				<!-- Recovery Options can be set, else defaults will be used -->
            </Space>
        </Spaces>
    </MetaSpace>
</MetaSpaces>

