<?xml version="1.0" encoding="UTF-8" standalone="yes"?>
<SchedulersConfig xmlns="http://jetblue.com/Scheduler/Config">
  <SchedulerConfig>
    <SchedulerName>FlightDomainScheduler</SchedulerName>
    <NumSchedulingThreads>2</NumSchedulingThreads>
    <PrefetchInterval>10</PrefetchInterval>
    <JMSConnectionId>Q.FlightDomainEMSConnection</JMSConnectionId>
    <JMSScheduleQueue>APP.FES.CREATESCHEDULE.1</JMSScheduleQueue>
    <SpaceConnectionId>ScheduleConnectionId</SpaceConnectionId>
    <SpaceName>Flight</SpaceName>
  </SchedulerConfig>
</SchedulersConfig>