<?xml version="1.0" encoding="UTF-8"?>

<application xmlns="http://www.tibco.com/xmlns/ApplicationManagement" name="FlightDomain/2.2/BusinessEvents/Flight-FPESEventProcessor">
    <repoInstanceName>%%DOMAIN%%-Flight-FPESEventProcessor</repoInstanceName>
    <NVPairs name="Global Variables">
        <NameValuePair>
            <name>Timers/FlightDepNotification</name>
            <value>24,26,48,72</value>
        </NameValuePair>
        <NameValuePair>
            <name>SystemProperties/jb.configLocation</name>
            <value>/opt/tibco/appsconfig/flight/config/as-node</value>
        </NameValuePair>
        <NameValuePair>
            <name>SystemProperties/FLIGHT_MS_CONNECTION_ID</name>
            <value>FlightMSConnection</value>
        </NameValuePair>
        <NameValuePair>
            <name>SharedResources/Connections/JMS/Scheduler/JNDIURL</name>
            <value>tcp://jbecllemsq01.jblab.net:7222,tcp://jbecllemsi01.jblab.net:7222</value>
        </NameValuePair>
        <NameValuePair>
            <name>SharedResources/Connections/JMS/Scheduler/User</name>
            <value>SVC_QA_FPES</value>
        </NameValuePair>
        <NameValuePairPassword>
            <name>SharedResources/Connections/JMS/Scheduler/Pwd</name>
            <value>#!Q4ZKlTpeSabdhFEsOzNOz2kjZ3E2GhlALLWVXKympnMP1LAG4Ofb6CkU1E0t5Nk4NftO93qa5NY=</value>
        </NameValuePairPassword>
        <NameValuePair>
            <name>SharedResources/Connections/JMS/Scheduler/CreateScheduleDestination</name>
            <value>APP.FES.CREATESCHEDULE.1</value>
        </NameValuePair>
        <NameValuePair>
            <name>SharedResources/Connections/JMS/Scheduler/FPESScheduleInboundDestination</name>
            <value>APP.FES.FPESSCHEDULE.1</value>
        </NameValuePair>
        <NameValuePair>
            <name>SharedResources/Connections/JMS/Scheduler/IncrementalLoadSchedule</name>
            <value>APP.FES.LC.INCREMENTALLOADSCHEDULE.1</value>
        </NameValuePair>
        <NameValuePair>
            <name>SharedResources/Connections/JMS/Scheduler/TopicConnectionFactory</name>
            <value>QaFesIntSSLTopicConnectionFactory</value>
        </NameValuePair>
        <NameValuePair>
            <name>SharedResources/Connections/JMS/Scheduler/QueueConnectionFactory</name>
            <value>QaFesIntSSLQueueConnectionFactory</value>
        </NameValuePair>
        <NameValuePair>
            <name>SharedResources/Connections/JMS/Publisher/JNDIURL</name>
            <value>tcp://jbecllemsq01.jblab.net:7222,tcp://jbecllemsi01.jblab.net:7222</value>
        </NameValuePair>
        <NameValuePair>
            <name>SharedResources/Connections/JMS/Publisher/User</name>
            <value>SVC_QA_FPES</value>
        </NameValuePair>
        <NameValuePairPassword>
            <name>SharedResources/Connections/JMS/Publisher/Pwd</name>
            <value>#!Q4ZKlTpeSabdhFEsOzNOz2kjZ3E2GhlALLWVXKympnMP1LAG4Ofb6CkU1E0t5Nk4NftO93qa5NY=</value>
        </NameValuePairPassword>
        <NameValuePair>
            <name>SharedResources/Connections/JMS/Publisher/OutboundDestination</name>
            <value>ENT.FLT.FES.FLTLEG.2</value>
        </NameValuePair>
        <NameValuePair>
            <name>SharedResources/Connections/JMS/Publisher/URL</name>
            <value>tcp://jbecllemsq01.jblab.net:7222</value>
        </NameValuePair>
        <NameValuePair>
            <name>SharedResources/Connections/JMS/Publisher/PostAuditDestination</name>
            <value>APP.FES.ODSLOADER.POSTAUDIT.RECEIVE.1</value>
        </NameValuePair>
        <NameValuePair>
            <name>SharedResources/Connections/JMS/Publisher/QueueConnectionFactory</name>
            <value>TstFesEntSSLQueueConnectionFactory</value>
        </NameValuePair>
        <NameValuePair>
            <name>SharedResources/Connections/JMS/Publisher/TopicConnectionFactory</name>
            <value>TstFesEntSSLTopicConnectionFactory</value>
        </NameValuePair>
        <NameValuePair>
            <name>SharedResources/Connections/JMS/LoadController/JNDIURL</name>
            <value>tcp://jbecllemsq01.jblab.net:7222,tcp://jbecllemsi01.jblab.net:7222</value>
        </NameValuePair>
        <NameValuePair>
            <name>SharedResources/Connections/JMS/LoadController/User</name>
            <value>SVC_QA_FPES</value>
        </NameValuePair>
        <NameValuePairPassword>
            <name>SharedResources/Connections/JMS/LoadController/Pwd</name>
            <value>#!Q4ZKlTpeSabdhFEsOzNOz2kjZ3E2GhlALLWVXKympnMP1LAG4Ofb6CkU1E0t5Nk4NftO93qa5NY=</value>
        </NameValuePairPassword>
        <NameValuePair>
            <name>SharedResources/Connections/JMS/LoadController/AdhocCompleteDestination</name>
            <value>APP.FES.EVTPROC.ADHOCLOAD.COMPLETE.1</value>
        </NameValuePair>
        <NameValuePair>
            <name>SharedResources/Connections/JMS/LoadController/AdhocRequestDestination</name>
            <value>APP.FES.ADHOCLOADER.FLTLEG.REQUEST.1</value>
        </NameValuePair>
        <NameValuePair>
            <name>SharedResources/Connections/JMS/LoadController/AdhocResponseDestination</name>
            <value>APP.FES.ADHOCLOADER.FLTLEG.RESPONSE.1</value>
        </NameValuePair>
        <NameValuePair>
            <name>SharedResources/Connections/JMS/LoadController/ScheduleRequestDestination</name>
            <value>APP.FES.LC.SCH.REQUEST.1</value>
        </NameValuePair>
        <NameValuePair>
            <name>SharedResources/Connections/JMS/LoadController/ScheduleResponseDestination</name>
            <value>APP.FES.LC.SCH.RESPONSE.1</value>
        </NameValuePair>
        <NameValuePair>
            <name>SharedResources/Connections/JMS/LoadController/ScheduleCompleteDestination</name>
            <value>APP.FES.LC.INTERNAL.SCH.NOTIFY.1</value>
        </NameValuePair>
        <NameValuePair>
            <name>SharedResources/Connections/JMS/LoadController/InternalFlightLegDestination</name>
            <value>APP.FES.LC.INTERNAL.SCH.PUBLISH.1</value>
        </NameValuePair>
        <NameValuePair>
            <name>SharedResources/Connections/JMS/LoadController/URL</name>
            <value>tcp://jbecllemsq01.jblab.net:7222</value>
        </NameValuePair>
        <NameValuePair>
            <name>SharedResources/Connections/JMS/LoadController/ScheduleChangeResponseDestination</name>
            <value>APP.FES.SCHLDR.SCHCHANGE.RESPONSE.1</value>
        </NameValuePair>
        <NameValuePair>
            <name>SharedResources/Connections/JMS/LoadController/TopicConnectionFactory</name>
            <value>QaFesIntSSLTopicConnectionFactory</value>
        </NameValuePair>
        <NameValuePair>
            <name>SharedResources/Connections/JMS/LoadController/QueueConnectionFactory</name>
            <value>QaFesIntSSLQueueConnectionFactory</value>
        </NameValuePair>
        <NameValuePair>
            <name>SharedResources/Connections/JMS/FlightTrac/JNDIURL</name>
            <value>tcp://jbecllemsq01.jblab.net:7222,tcp://jbecllemsi01.jblab.net:7222</value>
        </NameValuePair>
        <NameValuePair>
            <name>SharedResources/Connections/JMS/FlightTrac/User</name>
            <value>SVC_QA_FPES</value>
        </NameValuePair>
        <NameValuePairPassword>
            <name>SharedResources/Connections/JMS/FlightTrac/Pwd</name>
            <value>#!Q4ZKlTpeSabdhFEsOzNOz2kjZ3E2GhlALLWVXKympnMP1LAG4Ofb6CkU1E0t5Nk4NftO93qa5NY=</value>
        </NameValuePairPassword>
        <NameValuePair>
            <name>SharedResources/Connections/JMS/FlightTrac/InboundDestination</name>
            <value>APP.FES.SEQUENCER.FLTLEG.SYNC.1</value>
        </NameValuePair>
        <NameValuePair>
            <name>SharedResources/Connections/JMS/FlightTrac/URL</name>
            <value>tcp://jbecllemsq01.jblab.net:7222</value>
        </NameValuePair>
        <NameValuePair>
            <name>SharedResources/Connections/JMS/FlightTrac/QueueConnectionFactory</name>
            <value>QaFesIntSSLQueueConnectionFactory</value>
        </NameValuePair>
        <NameValuePair>
            <name>SharedResources/Connections/JMS/FlightTrac/TopicConnectionFactory</name>
            <value>QaFesIntSSLTopicConnectionFactory</value>
        </NameValuePair>
        <NameValuePair>
            <name>SharedResources/Connections/JMS/FPM/JNDIURL</name>
            <value>tcp://jbecllemsq01.jblab.net:7222</value>
        </NameValuePair>
        <NameValuePair>
            <name>SharedResources/Connections/JMS/FPM/User</name>
            <value>SVC_QA_FPES</value>
        </NameValuePair>
        <NameValuePairPassword>
            <name>SharedResources/Connections/JMS/FPM/Pwd</name>
            <value>#!Q4ZKlTpeSabdhFEsOzNOz2kjZ3E2GhlALLWVXKympnMP1LAG4Ofb6CkU1E0t5Nk4NftO93qa5NY=</value>
        </NameValuePairPassword>
        <NameValuePair>
            <name>SharedResources/Connections/JMS/FPM/InboundDestination</name>
            <value>APP.FES.FPMMESSAGEHANDLER.RESPONSE.1</value>
        </NameValuePair>
        <NameValuePair>
            <name>SharedResources/Connections/JMS/FPM/URL</name>
            <value>tcp://jbecllemsq01.jblab.net:7222</value>
        </NameValuePair>
        <NameValuePair>
            <name>SharedResources/Connections/JMS/FPM/QueueConnectionFactory</name>
            <value>QaFesIntSSLQueueConnectionFactory</value>
        </NameValuePair>
        <NameValuePair>
            <name>SharedResources/Connections/JMS/FPM/TopicConnectionFactory</name>
            <value>QaFesIntSSLTopicConnectionFactory</value>
        </NameValuePair>
        <NameValuePair>
            <name>SharedResources/Connections/JMS/FIT/User</name>
            <value>SVC_QA_FPES</value>
        </NameValuePair>
        <NameValuePairPassword>
            <name>SharedResources/Connections/JMS/FIT/Pwd</name>
            <value>#!Q4ZKlTpeSabdhFEsOzNOz2kjZ3E2GhlALLWVXKympnMP1LAG4Ofb6CkU1E0t5Nk4NftO93qa5NY=</value>
        </NameValuePairPassword>
        <NameValuePair>
            <name>SharedResources/Connections/JMS/FIT/URL</name>
            <value>tcp://jbecllemsq01.jblab.net:7222</value>
        </NameValuePair>
        <NameValuePair>
            <name>SharedResources/Connections/JMS/FIT/JNDIURL</name>
            <value>tcp://jbecllemsq01.jblab.net:7222,tcp://jbecllemsi01.jblab.net:7222</value>
        </NameValuePair>
        <NameValuePair>
            <name>SharedResources/Connections/JMS/FIT/RequestDestination</name>
            <value>APP.FES.EVTPROC.FIT.REQUEST.1</value>
        </NameValuePair>
        <NameValuePair>
            <name>SharedResources/Connections/JMS/FIT/SecureDestination</name>
            <value>ENT.FLT.FES.FLTLEG.SECURE.2</value>
        </NameValuePair>
        <NameValuePair>
            <name>SharedResources/Connections/JMS/FIT/TopicConnectionFactory</name>
            <value>QaFesIntSSLTopicConnectionFactory</value>
        </NameValuePair>
        <NameValuePair>
            <name>SharedResources/Connections/JMS/FIT/QueueConnectionFactory</name>
            <value>QaFesIntSSLQueueConnectionFactory</value>
        </NameValuePair>
        <NameValuePair>
            <name>SharedResources/Connections/JMS/BlueEye/JNDIURL</name>
            <value>tcp://jbecllemsq01.jblab.net:7222,tcp://jbecllemsi01.jblab.net:7222</value>
        </NameValuePair>
        <NameValuePair>
            <name>SharedResources/Connections/JMS/BlueEye/User</name>
            <value>SVC_QA_FPES</value>
        </NameValuePair>
        <NameValuePairPassword>
            <name>SharedResources/Connections/JMS/BlueEye/Pwd</name>
            <value>#!Q4ZKlTpeSabdhFEsOzNOz2kjZ3E2GhlALLWVXKympnMP1LAG4Ofb6CkU1E0t5Nk4NftO93qa5NY=</value>
        </NameValuePairPassword>
        <NameValuePair>
            <name>SharedResources/Connections/JMS/BlueEye/URL</name>
            <value>tcp://jbecllemsq01.jblab.net:7222</value>
        </NameValuePair>
        <NameValuePair>
            <name>SharedResources/Connections/JMS/BlueEye/QueueConnectionFactory</name>
            <value>QaFesIntSSLQueueConnectionFactory</value>
        </NameValuePair>
        <NameValuePair>
            <name>SharedResources/Connections/JMS/BlueEye/TopicConnectionFactory</name>
            <value>QaFesIntSSLTopicConnectionFactory</value>
        </NameValuePair>
        <NameValuePair>
            <name>SharedResources/Connections/JMS/BlueEye/BoardingQueue</name>
            <value>APP.FES.BLUEYE.BOARDING.SYNC.1</value>
        </NameValuePair>
        <NameValuePair>
            <name>SharedResources/Connections/JMS/BlueEye/BaggageQueue</name>
            <value>APP.FES.BLUEYE.BAGGAGE.SYNC.1</value>
        </NameValuePair>
        <NameValuePair>
            <name>SharedResources/Connections/FlightAS/Metaspace</name>
            <value>FlightMS</value>
        </NameValuePair>
        <NameValuePair>
            <name>SharedResources/Connections/FlightAS/ConnectionId</name>
            <value>FlightMSConnection</value>
        </NameValuePair>
        <NameValuePair>
            <name>Publisher/EventType</name>
            <value>Flight</value>
        </NameValuePair>
        <NameValuePair>
            <name>Publisher/EventDomain</name>
            <value>Flight</value>
        </NameValuePair>
        <NameValuePair>
            <name>Publisher/EventVersion</name>
            <value>1.0</value>
        </NameValuePair>
        <NameValuePair>
            <name>OperationalWindow/Start</name>
            <value></value>
        </NameValuePair>
        <NameValuePair>
            <name>OperationalWindow/End</name>
            <value></value>
        </NameValuePair>
        <NameValuePair>
            <name>OperationalWindow/BeforeAndAfter</name>
            <value>3/8</value>
        </NameValuePair>
        <NameValuePair>
            <name>OperationalWindow/CurrentDate</name>
            <value></value>
        </NameValuePair>
        <NameValuePair>
            <name>LoadController/ScheduleRequestQueue</name>
            <value>APP.FES.LC.SCH.REQUEST.1</value>
        </NameValuePair>
        <NameValuePair>
            <name>LoadController/ScheduleResponseQueue</name>
            <value>APP.FES.LC.SCH.RESPONSE.1</value>
        </NameValuePair>
        <NameValuePair>
            <name>LoadController/IncrementalLoadTriggerTime</name>
            <value>0200</value>
        </NameValuePair>
        <NameValuePair>
            <name>LoadController/OperationalWindowRequestQueue</name>
            <value>APP.FES.LC.OPWINDOW.REQUEST.1</value>
        </NameValuePair>
        <NameValuePair>
            <name>LoadController/OperationalWindowResponseQueue</name>
            <value>APP.FES.LC.OPWINDOW.RESPONSE.1</value>
        </NameValuePair>
        <NameValuePairInteger>
            <name>LoadController/ScheduleLoadResponseWaitTimeInMinutes</name>
            <value>10</value>
        </NameValuePairInteger>
        <NameValuePairInteger>
            <name>LoadController/AdhocLoadResponseWaitTimeInMinutes</name>
            <value>10</value>
        </NameValuePairInteger>
        <NameValuePairInteger>
            <name>LoadController/AdhocDelayResponseWaitTimeInMinutes</name>
            <value>10</value>
        </NameValuePairInteger>
        <NameValuePair>
            <name>LoadController/StartOfOtherAirlineFlights</name>
            <value>5000</value>
        </NameValuePair>
        <NameValuePair>
            <name>LoadController/EndOfOtherAirlineFlights</name>
            <value>8300</value>
        </NameValuePair>
        <NameValuePairInteger>
            <name>LoadController/AdhocStatusResponseWaitTimeInMinutes</name>
            <value>10</value>
        </NameValuePairInteger>
        <NameValuePairInteger>
            <name>LoadController/AdhocFuelResponseWaitTimeInMinutes</name>
            <value>10</value>
        </NameValuePairInteger>
        <NameValuePairInteger>
            <name>EventProcessor/WaitMinBetweenAdhocResponses</name>
            <value>5</value>
        </NameValuePairInteger>
        <NameValuePair>
            <name>EventProcessor/ParserMappingDefinitions</name>
            <value>/opt/tibco/appsconfig/flight/config/mappings/flightR2_1_0</value>
        </NameValuePair>
        <NameValuePairInteger>
            <name>EventProcessor/TechStopTimerMinutes</name>
            <value>15</value>
        </NameValuePairInteger>
        <NameValuePairInteger>
            <name>EventProcessor/OAMTimerMinutes</name>
            <value>15</value>
        </NameValuePairInteger>
        <NameValuePairInteger>
            <name>EventProcessor/FPESHeartbeatMinutes</name>
            <value>10</value>
        </NameValuePairInteger>
        <NameValuePair>
            <name>ActiveSpaces/FlightSpaceName</name>
            <value>Flight</value>
        </NameValuePair>
        <NameValuePair>
            <name>ActiveSpaces/CounterSpaceName</name>
            <value>FlightCounter</value>
        </NameValuePair>
        <NameValuePair>
            <name>ActiveSpaces/ScheduleFlightLegSpaceName</name>
            <value>ScheduledFlightLeg</value>
        </NameValuePair>
        <NameValuePair>
            <name>ActiveSpaces/ActualFlightLegSpaceName</name>
            <value>ActualFlightLeg</value>
        </NameValuePair>
        <NameValuePair>
            <name>ActiveSpaces/MarketingSegmentSpaceName</name>
            <value>MarketingFlightSegment</value>
        </NameValuePair>
        <NameValuePair>
            <name>ActiveSpaces/LoadControllerSpaceName</name>
            <value>LoadController</value>
        </NameValuePair>
        <NameValuePair>
            <name>ActiveSpaces/FlightPlanSpaceName</name>
            <value>FlightPlan</value>
        </NameValuePair>
        <NameValuePair>
            <name>ActiveSpaces/FlightLegWeightAndBalancePlannedSpaceName</name>
            <value>FlightLegWeightAndBalancePlanned</value>
        </NameValuePair>
        <NameValuePair>
            <name>ActiveSpaces/FlightLegWeightAndBalanceActualSpaceName</name>
            <value>FlightLegWeightAndBalanceActual</value>
        </NameValuePair>
        <NameValuePair>
            <name>ActiveSpaces/FlightLegReleaseSpaceName</name>
            <value>FlightLegRelease</value>
        </NameValuePair>
        <NameValuePair>
            <name>ActiveSpaces/FlightLegFuelPlanSpaceName</name>
            <value>FlightLegFuelPlan</value>
        </NameValuePair>
        <NameValuePair>
            <name>ActiveSpaces/FlightLegFuelLoadPlannedSpaceName</name>
            <value>FlightLegFuelLoadPlanned</value>
        </NameValuePair>
        <NameValuePair>
            <name>ActiveSpaces/FlightLegFuelLoadActualSpaceName</name>
            <value>FlightLegFuelLoadActual</value>
        </NameValuePair>
        <NameValuePair>
            <name>ActiveSpaces/FlightCrewSpaceName</name>
            <value>FlightCrew</value>
        </NameValuePair>
        <NameValuePair>
            <name>ActiveSpaces/ETOPSAlternateOriginSpaceName</name>
            <value>ETOPSAlternateOrigin</value>
        </NameValuePair>
        <NameValuePair>
            <name>ActiveSpaces/ETOPSAlternateDestinationSpaceName</name>
            <value>ETOPSAlternateDestination</value>
        </NameValuePair>
        <NameValuePair>
            <name>ActiveSpaces/FlightMessageSpaceName</name>
            <value>FlightMessage</value>
        </NameValuePair>
        <NameValuePair>
            <name>MessageEncoding</name>
            <value>ISO8859-1</value>
        </NameValuePair>
    </NVPairs>
    <repoInstances selected="local">
        <httpRepoInstance></httpRepoInstance>
        <rvRepoInstance>
            <discoveryTimout>10</discoveryTimout>
            <regionalSubject></regionalSubject>
            <operationRetry>0</operationRetry>
        </rvRepoInstance>
        <localRepoInstance>
            <encoding>UTF-8</encoding>
        </localRepoInstance>
    </repoInstances>
    <services>
        <service name="FPESEventProcessor.bar">
            <enabled>true</enabled>
            <bindings>
                <binding name="FPESEventProcessor">
                    <machine>BETLM3</machine>
                    <product>
                        <type>be</type>
                        <version>5.1</version>
                        <location>%%ENGINE_WORK_DIR%%/tibco/bw/5.11</location>
                    </product>
                    <setting>
                        <startOnBoot>false</startOnBoot>
                        <enableVerbose>false</enableVerbose>
                        <maxLogFileSize>20000</maxLogFileSize>
                        <maxLogFileCount>5</maxLogFileCount>
                        <java>
                            <initHeapSize>256</initHeapSize>
                            <maxHeapSize>512</maxHeapSize>
                            <threadStackSize>256</threadStackSize>
                        </java>
                    </setting>
                </binding>
            </bindings>
            <NVPairs name="BusinessEvents Properties">
                <NameValuePair>
                    <name>java.extended.properties</name>
                    <value>-server -d64 -XX\:MinHeapFreeRatio\=52 -XX\:MaxHeapFreeRatio\=90 -XX\:GCTimeRatio\=19 -Xms512m -Xmx512m -javaagent\:%BE_HOME%/lib/cep-base.jar -XX\:MaxPermSize\=256m -XX\:+UseParNewGC -XX\:+UseConcMarkSweepGCC -Dlog4j.configuration=file:////opt/tibco/appsconfig/flight/config/log4j.xml</value>
                </NameValuePair>
                <NameValuePair>
                    <name>java.heap.size.initial</name>
                    <value>512M</value>
                </NameValuePair>
                <NameValuePair>
                    <name>java.heap.size.max</name>
                    <value>512M</value>
                </NameValuePair>
                <NameValuePair>
                    <name>java.property.com.tibco.cep.logger.factory</name>
                    <value>com.jb.monitor.IapiBELogger</value>
                </NameValuePair>
                <NameValuePair>
                    <name>java.property.iapi.app.id</name>
                    <value>FES</value>
                </NameValuePair>
                <NameValuePair>
                    <name>java.property.iapi.app.name</name>
                    <value>FlightFPESEventProcessor</value>
                </NameValuePair>
                <NameValuePair>
                    <name>java.property.iapi.app.type</name>
                    <value>be</value>
                </NameValuePair>
                <NameValuePair>
                    <name>java.property.iapi.logfile.location</name>
                    <value>/var/log/tibco/flight/iapi-logs</value>
                </NameValuePair>
                <NameValuePair>
                    <name>java.property.log4j.debug</name>
                    <value>false</value>
                </NameValuePair>
            </NVPairs>
            <NVPairs name="versions">
                <NameValuePair>
                    <name>C:/tibco/be/5.1/lib/be-functions.jar</name>
                    <value>Version 5.1.1.035, 2012-12-14</value>
                </NameValuePair>
                <NameValuePair>
                    <name>C:/tibco/be/5.1/lib/be-studiofunctions.jar</name>
                    <value>Version 5.1.1.035, 2012-12-14</value>
                </NameValuePair>
                <NameValuePair>
                    <name>C:/tibco/be/5.1/lib/cep-as-channel.jar</name>
                    <value>Version 5.1.1.035, 2012-12-14</value>
                </NameValuePair>
                <NameValuePair>
                    <name>C:/tibco/be/5.1/lib/cep-backingstore.jar</name>
                    <value>Version 5.1.1.035, 2012-12-14</value>
                </NameValuePair>
                <NameValuePair>
                    <name>C:/tibco/be/5.1/lib/cep-base.jar</name>
                    <value>Version 5.1.1.035, 2012-12-14</value>
                </NameValuePair>
                <NameValuePair>
                    <name>C:/tibco/be/5.1/lib/cep-common.jar</name>
                    <value>Version 5.1.1.035, 2012-12-14</value>
                </NameValuePair>
                <NameValuePair>
                    <name>C:/tibco/be/5.1/lib/cep-container.jar</name>
                    <value>Version 5.1.1.035, 2012-12-14</value>
                </NameValuePair>
                <NameValuePair>
                    <name>C:/tibco/be/5.1/lib/cep-datagrid-oracle.jar</name>
                    <value>Version 5.1.1.035, 2012-12-14</value>
                </NameValuePair>
                <NameValuePair>
                    <name>C:/tibco/be/5.1/lib/cep-drivers.jar</name>
                    <value>Version 5.1.1.035, 2012-12-14</value>
                </NameValuePair>
                <NameValuePair>
                    <name>C:/tibco/be/5.1/lib/cep-hawk-channel.jar</name>
                    <value>Version 5.1.1.035, 2012-12-14</value>
                </NameValuePair>
                <NameValuePair>
                    <name>C:/tibco/be/5.1/lib/cep-interpreter.jar</name>
                    <value>Version 5.1.1.035, 2012-12-14</value>
                </NameValuePair>
                <NameValuePair>
                    <name>C:/tibco/be/5.1/lib/cep-kernel.jar</name>
                    <value>Version 5.1.1.035, 2012-12-14</value>
                </NameValuePair>
                <NameValuePair>
                    <name>C:/tibco/be/5.1/lib/cep-loadbalancer.jar</name>
                    <value>Version 5.1.0.158, 2012-08-21</value>
                </NameValuePair>
                <NameValuePair>
                    <name>C:/tibco/be/5.1/lib/cep-pattern.jar</name>
                    <value>Version 5.1.1.035, 2012-12-14</value>
                </NameValuePair>
                <NameValuePair>
                    <name>C:/tibco/be/5.1/lib/cep-query.jar</name>
                    <value>Version 5.1.1.035, 2012-12-14</value>
                </NameValuePair>
                <NameValuePair>
                    <name>C:/tibco/be/5.1/lib/cep-security.jar</name>
                    <value>Version 5.1.1.035, 2012-12-14</value>
                </NameValuePair>
                <NameValuePair>
                    <name>C:/tibco/be/5.1/lib/palettes/be-bw.jar</name>
                    <value>Version 5.1.1.035, 2012-12-14</value>
                </NameValuePair>
                <NameValuePair>
                    <name>C:/tibco/be/5.1/mm/lib/be-q.jar</name>
                    <value>Version 5.1.1.035, 2012-12-14</value>
                </NameValuePair>
                <NameValuePair>
                    <name>C:/tibco/be/5.1/views/lib/be-dashboardagent.jar</name>
                    <value>Version 5.1.1.035, 2012-12-14</value>
                </NameValuePair>
                <NameValuePair>
                    <name>C:/tibco/be/5.1/views/lib/cep-metric.jar</name>
                    <value>Version 5.1.0.158, 2012-08-21</value>
                </NameValuePair>
            </NVPairs>
            <NVPairs name="Runtime Variables">
                <NameValuePair>
                    <name>CDD</name>
                    <value>/opt/tibco/appsconfig/flight/config/Flight.cdd</value>
                </NameValuePair>
                <NameValuePair>
                    <name>PUID</name>
                    <value>inference</value>
                </NameValuePair>
            </NVPairs>
            <failureCount>0</failureCount>
            <failureInterval>0</failureInterval>
            <isFt>false</isFt>
        </service>
    </services>
</application>