<?xml version="1.0" encoding="UTF-8"?>

<application xmlns="http://www.tibco.com/xmlns/ApplicationManagement" name="FlightDomain/BusinessWorks/Flight-FlightTracSequencer">
    <repoInstanceName>%%DOMAIN%%-FlightTracSequencer</repoInstanceName>
    <NVPairs name="Global Variables">
        <NameValuePair>
            <name>DirLedger</name>
            <value>.</value>
        </NameValuePair>
        <NameValuePair>
            <name>DirTrace</name>
            <value>.</value>
        </NameValuePair>
        <NameValuePair>
            <name>FlightTracSequencer/InputQueue</name>
            <value>APP.FES.FLITETRAC.FLTLEG.SYNC.1</value>
        </NameValuePair>
        <NameValuePairInteger>
            <name>FlightTracSequencer/NumMessagePerBatch</name>
            <value>256</value>
        </NameValuePairInteger>
        <NameValuePair>
            <name>FlightTracSequencer/OutputQueue</name>
            <value>APP.FES.SEQUENCER.FLTLEG.SYNC.1</value>
        </NameValuePair>
        <NameValuePairInteger>
            <name>FlightTracSequencer/RepeatIntervalInMillis</name>
            <value>15000</value>
        </NameValuePairInteger>
        <NameValuePair>
            <name>FlightTracSequencer/jbConfigLocation</name>
            <value>/opt/tibco/appsconfig/flight/config/flttracsequencer</value>
        </NameValuePair>
        <NameValuePair>
            <name>HawkEnabled</name>
            <value>false</value>
        </NameValuePair>
        <NameValuePair>
            <name>JmsProviderUrl</name>
            <value>tcp://jbecllemsq01.jblab.net:7222</value>
        </NameValuePair>
        <NameValuePair>
            <name>JmsSslProviderUrl</name>
            <value>ssl://jbecllemsi01.jblab.net:7243</value>
        </NameValuePair>
        <NameValuePair>
            <name>RemoteRvDaemon</name>
            <value></value>
        </NameValuePair>
        <NameValuePair>
            <name>RvDaemon</name>
            <value>tcp:7500</value>
        </NameValuePair>
        <NameValuePair>
            <name>RvNetwork</name>
            <value></value>
        </NameValuePair>
        <NameValuePair>
            <name>RvService</name>
            <value>7500</value>
        </NameValuePair>
        <NameValuePair>
            <name>RvaHost</name>
            <value>localhost</value>
        </NameValuePair>
        <NameValuePair>
            <name>RvaPort</name>
            <value>7600</value>
        </NameValuePair>
        <NameValuePair>
            <name>SharedResources/EnterpriseFlightTopic</name>
            <value>ENT.FLT.FPES.FLTLEG.1</value>
        </NameValuePair>
        <NameValuePair>
            <name>SharedResources/JMSConnections/Flight_JMSServer-1/JMSProviderURL</name>
            <value>tcp://jbecllemsq01.jblab.net:7222</value>
        </NameValuePair>
        <NameValuePair>
            <name>SharedResources/JMSConnections/Flight_JMSServer-1/JNDIContextFactory</name>
            <value>com.tibco.tibjms.naming.TibjmsInitialContextFactory</value>
        </NameValuePair>
        <NameValuePair>
            <name>SharedResources/JMSConnections/Flight_JMSServer-1/JNDIContextURL</name>
            <value>tcp://jbecllemsq01.jblab.net:7222,tcp://jbecllemsi01.jblab.net:7222</value>
        </NameValuePair>
        <NameValuePairPassword>
            <name>SharedResources/JMSConnections/Flight_JMSServer-1/JNDIPassword</name>
            <value>#!Q4ZKlTpeSabdhFEsOzNOz2kjZ3E2GhlALLWVXKympnMP1LAG4Ofb6CkU1E0t5Nk4NftO93qa5NY=</value>
        </NameValuePairPassword>
        <NameValuePair>
            <name>SharedResources/JMSConnections/Flight_JMSServer-1/JNDIUserName</name>
            <value>SVC_QA_FPES</value>
        </NameValuePair>
        <NameValuePairPassword>
            <name>SharedResources/JMSConnections/Flight_JMSServer-1/Password</name>
            <value>#!Q4ZKlTpeSabdhFEsOzNOz2kjZ3E2GhlALLWVXKympnMP1LAG4Ofb6CkU1E0t5Nk4NftO93qa5NY=</value>
        </NameValuePairPassword>
        <NameValuePair>
            <name>SharedResources/JMSConnections/Flight_JMSServer-1/QueueConnectionFactory</name>
            <value>QaFesIntSSLQueueConnectionFactory</value>
        </NameValuePair>
        <NameValuePair>
            <name>SharedResources/JMSConnections/Flight_JMSServer-1/TopicConnectionFactory</name>
            <value>QaFesIntSSLTopicConnectionFactory</value>
        </NameValuePair>
        <NameValuePair>
            <name>SharedResources/JMSConnections/Flight_JMSServer-1/UserName</name>
            <value>SVC_QA_FPES</value>
        </NameValuePair>
        <NameValuePair>
            <name>SharedResources/JMSConnections/Flight_JMSServer-2/JMSProviderURL</name>
            <value>tcp://jbecllemsq01.jblab.net:7222</value>
        </NameValuePair>
        <NameValuePair>
            <name>SharedResources/JMSConnections/Flight_JMSServer-2/JNDIContextFactory</name>
            <value>com.tibco.tibjms.naming.TibjmsInitialContextFactory</value>
        </NameValuePair>
        <NameValuePair>
            <name>SharedResources/JMSConnections/Flight_JMSServer-2/JNDIContextURL</name>
            <value>tcp://jbecllemsq01.jblab.net:7222,tcp://jbecllemsi01.jblab.net:7222</value>
        </NameValuePair>
        <NameValuePairPassword>
            <name>SharedResources/JMSConnections/Flight_JMSServer-2/JNDIPassword</name>
            <value>#!Q4ZKlTpeSabdhFEsOzNOz2kjZ3E2GhlALLWVXKympnMP1LAG4Ofb6CkU1E0t5Nk4NftO93qa5NY=</value>
        </NameValuePairPassword>
        <NameValuePair>
            <name>SharedResources/JMSConnections/Flight_JMSServer-2/JNDIUserName</name>
            <value>SVC_QA_FPES</value>
        </NameValuePair>
        <NameValuePairPassword>
            <name>SharedResources/JMSConnections/Flight_JMSServer-2/Password</name>
            <value>#!Q4ZKlTpeSabdhFEsOzNOz2kjZ3E2GhlALLWVXKympnMP1LAG4Ofb6CkU1E0t5Nk4NftO93qa5NY=</value>
        </NameValuePairPassword>
        <NameValuePair>
            <name>SharedResources/JMSConnections/Flight_JMSServer-2/QueueConnectionFactory</name>
            <value>TstFesTrcSSLQueueConnectionFactory</value>
        </NameValuePair>
        <NameValuePair>
            <name>SharedResources/JMSConnections/Flight_JMSServer-2/TopicConnectionFactory</name>
            <value>TstFesTrcSSLTopicConnectionFactory</value>
        </NameValuePair>
        <NameValuePair>
            <name>SharedResources/JMSConnections/Flight_JMSServer-2/UserName</name>
            <value>SVC_QA_FPES</value>
        </NameValuePair>
        <NameValuePair>
            <name>TIBHawkDaemon</name>
            <value>tcp:7474</value>
        </NameValuePair>
        <NameValuePair>
            <name>TIBHawkNetwork</name>
            <value></value>
        </NameValuePair>
        <NameValuePair>
            <name>TIBHawkService</name>
            <value>7474</value>
        </NameValuePair>
    </NVPairs>
    <repoInstances selected="local">
        <httpRepoInstance></httpRepoInstance>
        <rvRepoInstance>
            <discoveryTimout>10</discoveryTimout>
            <regionalSubject></regionalSubject>
            <operationRetry>0</operationRetry>
        </rvRepoInstance>
        <localRepoInstance>
            <encoding>UTF-8</encoding>
        </localRepoInstance>
    </repoInstances>
    <services>
        <bw name="FlightTracSequencer.par">
            <enabled>true</enabled>
            <bindings>
                <binding name="Flight-FlightTracSequencer-1">
                    <machine>BWTLM11</machine>
                    <product>
                        <type>BW</type>
                        <version>5.11</version>
                        <location>%%ENGINE_WORK_DIR%%/tibco/bw/5.11</location>
                    </product>
                    <setting>
                        <startOnBoot>false</startOnBoot>
                        <enableVerbose>false</enableVerbose>
                        <maxLogFileSize>20000</maxLogFileSize>
                        <maxLogFileCount>5</maxLogFileCount>
                        <threadCount>8</threadCount>
                        <java>
                            <initHeapSize>256</initHeapSize>
                            <maxHeapSize>512</maxHeapSize>
                            <threadStackSize>256</threadStackSize>
                        </java>
                    </setting>
                    <shutdown>
                        <checkpoint>false</checkpoint>
                        <timeout>0</timeout>
                    </shutdown>
                </binding>
            </bindings>
            <NVPairs name="Adapter SDK Properties">
                <NameValuePair>
                    <name>Trace.Task.*</name>
                    <value>false</value>
                </NameValuePair>
                <NameValuePair>
                    <name>EnableMemorySavingMode</name>
                    <value>true</value>
                </NameValuePair>
                <NameValuePair>
                    <name>bw.engine.enableJobRecovery</name>
                    <value>false</value>
                </NameValuePair>
                <NameValuePair>
                    <name>bw.engine.autoCheckpointRestart</name>
                    <value>false</value>
                </NameValuePair>
                <NameValuePair>
                    <name>bw.engine.jobstats.enable</name>
                    <value>false</value>
                </NameValuePair>
                <NameValuePair>
                    <name>log.file.encoding</name>
                    <value></value>
                </NameValuePair>
                <NameValuePair>
                    <name>bw.engine.emaEnabled</name>
                    <value>false</value>
                </NameValuePair>
                <NameValuePair>
                    <name>bw.container.service</name>
                    <value></value>
                </NameValuePair>
                <NameValuePair>
                    <name>bw.container.service.rmi.port</name>
                    <value>9995</value>
                </NameValuePair>
                <NameValuePair>
                    <name>bw.platform.services.retreiveresources.Enabled</name>
                    <value>false</value>
                </NameValuePair>
                <NameValuePair>
                    <name>bw.platform.services.retreiveresources.Hostname</name>
                    <value>localhost</value>
                </NameValuePair>
                <NameValuePair>
                    <name>bw.platform.services.retreiveresources.Httpport</name>
                    <value>8010</value>
                </NameValuePair>
                <NameValuePair>
                    <name>bw.platform.services.retreiveresources.defaultEncoding</name>
                    <value>ISO8859_1</value>
                </NameValuePair>
                <NameValuePair>
                    <name>bw.platform.services.retreiveresources.enableLookups</name>
                    <value>false</value>
                </NameValuePair>
                <NameValuePair>
                    <name>bw.platform.services.retreiveresources.isSecure</name>
                    <value>false</value>
                </NameValuePair>
                <NameValuePair>
                    <name>bw.platform.services.retreiveresources.identity</name>
                    <value>/Identity_HTTPConnection.id</value>
                </NameValuePair>
                <NameValuePair>
                    <name>java.property.iapi.app.id</name>
                    <value>FES</value>
                </NameValuePair>
                <NameValuePair>
                    <name>java.property.iapi.app.name</name>
                    <value>FlightTracSequencer</value>
                </NameValuePair>
                <NameValuePair>
                    <name>java.property.iapi.app.type</name>
                    <value>bw</value>
                </NameValuePair>
                <NameValuePair>
                    <name>java.property.iapi.logfile.location</name>
                    <value>/var/log/tibco/flight/iapi-logs</value>
                </NameValuePair>
                <NameValuePair>
                    <name>java.property.pdfgen.baseURL</name>
                    <value>file:////home/tibdev/aci/bp-conf</value>
                </NameValuePair>
                <NameValuePair>
                    <name>java.heap.size.initial</name>
                    <value>512M</value>
                </NameValuePair>
                <NameValuePair>
                    <name>java.heap.size.max</name>
                    <value>512M</value>
                </NameValuePair>
                <NameValuePair>
                    <name>java.property.com.tibco.tibjms.reconnect.attempts</name>
                    <value>40,10000</value>
                </NameValuePair>
                <NameValuePair>
                    <name>java.property.com.tibco.tibjms.connect.attempts</name>
                    <value>40,10000</value>
                </NameValuePair>
                <NameValuePair>
                    <name>java.extended.properties</name>
                    <value>-Dlog4j.configuration=file:////opt/tibco/appsconfig/flight/config/log4j.xml -DTIBCO_SECURITY_VENDOR=j2se</value>
                </NameValuePair>
                <NameValuePair>
                    <name>java.property.log4j.debug</name>
                    <value>true</value>
                </NameValuePair>
                <NameValuePair>
                    <name>Jmx.Enabled</name>
                    <value>true</value>
                </NameValuePair>
                <NameValuePair>
                    <name>java.property.com.sun.management.jmxremote</name>
                    <value>true</value>
                </NameValuePair>
                <NameValuePair>
                    <name>java.property.com.sun.management.jmxremote.port</name>
                    <value>9016</value>
                </NameValuePair>
                <NameValuePair>
                    <name>java.property.com.sun.management.jmxremote.rmi.port</name>
                    <value>9016</value>
                </NameValuePair>
                <NameValuePair>
                    <name>java.property.com.sun.management.jmxremote.authenticate</name>
                    <value>false</value>
                </NameValuePair>
                <NameValuePair>
                    <name>java.property.com.sun.management.jmxremote.ssl</name>
                    <value>false</value>
                </NameValuePair>
            </NVPairs>
            <failureCount>0</failureCount>
            <failureInterval>0</failureInterval>
            <bwprocesses>
                <bwprocess name="FlightTracSequencer/Init.process">
                    <starter>onStartup</starter>
                    <enabled>true</enabled>
                    <maxJob>0</maxJob>
                    <activation>true</activation>
                    <flowLimit>0</flowLimit>
                </bwprocess>
                <bwprocess name="FlightTracSequencer/SetMyHealthStatus.process">
                    <starter>onStartup</starter>
                    <enabled>true</enabled>
                    <maxJob>0</maxJob>
                    <activation>true</activation>
                    <flowLimit>0</flowLimit>
                </bwprocess>
                <bwprocess name="FlightTracSequencer/SharedResources/Java/JMSScheduler.serviceagent">
                    <starter>JMSScheduler</starter>
                    <enabled>true</enabled>
                    <maxJob>0</maxJob>
                    <activation>true</activation>
                    <flowLimit>0</flowLimit>
                </bwprocess>
                <bwprocess name="FlightTracSequencer/SequencerTrigger.process">
                    <starter>Timer</starter>
                    <enabled>true</enabled>
                    <maxJob>0</maxJob>
                    <activation>true</activation>
                    <flowLimit>0</flowLimit>
                </bwprocess>
            </bwprocesses>
            <checkpoints selected="Local File">
                <checkpoint>Local File</checkpoint>
                <checkpoint>/ODSLoader/Resources/Connections/JDBCConnections/FlightODSConnection</checkpoint>
                <tablePrefix>FlightTrac_73450377</tablePrefix>
            </checkpoints>
            <isFt>false</isFt>
        </bw>
    </services>
</application>
