<?xml version="1.0" encoding="UTF-8"?>

<application xmlns="http://www.tibco.com/xmlns/ApplicationManagement" name="FlightDomain/BusinessWorks/Flight-FPMMessageHandler">
    <repoInstanceName>%%DOMAIN%%-Flight-FPMMessageHandler</repoInstanceName>
	<description></description>
    <contact></contact>
    <NVPairs name="Global Variables">
        <NameValuePair>
            <name>DirLedger</name>
            <value>.</value>
        </NameValuePair>
        <NameValuePair>
            <name>DirTrace</name>
            <value>.</value>
        </NameValuePair>
        <NameValuePairInteger>
            <name>FPMMessageHandler/GLB_RetryOnExceptionInMillis</name>
            <value>30000</value>
        </NameValuePairInteger>
        <NameValuePair>
            <name>FPMMessageHandler/JMSConnection/GLB_DeliveryMode</name>
            <value>PERSISTENT</value>
        </NameValuePair>
        <NameValuePair>
            <name>FPMMessageHandler/JMSConnection/GLB_MessagePriority</name>
            <value>4</value>
        </NameValuePair>
        <NameValuePair>
            <name>FPMMessageHandler/JMSConnection/JMSProviderURL</name>
            <value>tcp://jbecllemsq01.jblab.net:7222</value>
        </NameValuePair>
        <NameValuePair>
            <name>FPMMessageHandler/JMSConnection/JMSQueueConnectionFactory</name>
            <value>QaFesIntSSLQueueConnectionFactory</value>
        </NameValuePair>
        <NameValuePair>
            <name>FPMMessageHandler/JMSConnection/JMSTopicConnectionFactory</name>
            <value>QaFesIntSSLTopicConnectionFactory</value>
        </NameValuePair>
        <NameValuePair>
            <name>FPMMessageHandler/JMSConnection/JNDIContextFactory</name>
            <value>com.tibco.tibjms.naming.TibjmsInitialContextFactory</value>
        </NameValuePair>
        <NameValuePair>
            <name>FPMMessageHandler/JMSConnection/MIG_JMSJNDIContextURL</name>
            <value>tibjmsnaming://jbecllemsq01.jblab.net:7222,tibjmsnaming://jbecllemsi01.jblab.net:7222</value>
        </NameValuePair>
        <NameValuePairPassword>
            <name>FPMMessageHandler/JMSConnection/MIG_JMSJNDIPassword</name>
            <value>#!Q4ZKlTpeSabdhFEsOzNOz2kjZ3E2GhlALLWVXKympnMP1LAG4Ofb6CkU1E0t5Nk4NftO93qa5NY=</value>
        </NameValuePairPassword>
        <NameValuePair>
            <name>FPMMessageHandler/JMSConnection/MIG_JMSJNDIUserName</name>
            <value>SVC_QA_FPES</value>
        </NameValuePair>
        <NameValuePairInteger>
            <name>FPMMessageHandler/MQConnection/GLB_AcknowledgementMode</name>
            <value>2</value>
        </NameValuePairInteger>
        <NameValuePair>
            <name>FPMMessageHandler/MQConnection/GLB_MQJNDIContextFactory</name>
            <value>com.sun.jndi.fscontext.RefFSContextFactory</value>
        </NameValuePair>
        <NameValuePairInteger>
            <name>FPMMessageHandler/MQConnection/GLB_MaxSessions</name>
            <value>1</value>
        </NameValuePairInteger>
        <NameValuePair>
            <name>FPMMessageHandler/MQConnection/MIG_MQJNDIContextURL</name>
            <value>file:////opt/tibco/appsconfig/flight/config/bindings/FPMMessageHandler</value>
        </NameValuePair>
        <NameValuePairPassword>
            <name>FPMMessageHandler/MQConnection/MIG_MQJNDIPassword</name>
            <value>#!tU7RbT1wFCi0ske9hTgviSMKbg8B4fyu9D/6n8dtBULvEdddwmZYgQ==</value>
        </NameValuePairPassword>
        <NameValuePair>
            <name>FPMMessageHandler/MQConnection/MIG_MQJNDIUserName</name>
            <value>app_dev_generic</value>
        </NameValuePair>
        <NameValuePair>
            <name>FPMMessageHandler/MQConnection/MQQueueConnectionFactory</name>
            <value>DevFPMConnFactory</value>
        </NameValuePair>
        <NameValuePair>
            <name>FPMMessageHandler/MQConnection/MQTopicConnectionFactory</name>
            <value>DevFPMConnTopicFactory</value>
        </NameValuePair>
        <NameValuePair>
            <name>FPMMessageHandler/PTY_PostMessageInputQueue</name>
            <value>FPM.B6.DFP.INT</value>
        </NameValuePair>
        <NameValuePair>
            <name>FPMMessageHandler/PTY_PreMessageInputQueue</name>
            <value>FPM.B6.PDFP.INT</value>
        </NameValuePair>
        <NameValuePair>
            <name>FPMMessageHandler/PTY_ResponseQueue</name>
            <value>APP.FES.FPMMESSAGEHANDLER.RESPONSE.1</value>
        </NameValuePair>
        <NameValuePair>
            <name>HawkEnabled</name>
            <value>false</value>
        </NameValuePair>
        <NameValuePair>
            <name>JmsProviderUrl</name>
            <value>tcp://localhost:7222</value>
        </NameValuePair>
        <NameValuePair>
            <name>JmsSslProviderUrl</name>
            <value>ssl://localhost:7243</value>
        </NameValuePair>
        <NameValuePair>
            <name>RemoteRvDaemon</name>
            <value></value>
        </NameValuePair>
        <NameValuePair>
            <name>RvDaemon</name>
            <value>tcp:7500</value>
        </NameValuePair>
        <NameValuePair>
            <name>RvNetwork</name>
            <value></value>
        </NameValuePair>
        <NameValuePair>
            <name>RvService</name>
            <value>7500</value>
        </NameValuePair>
        <NameValuePair>
            <name>RvaHost</name>
            <value>localhost</value>
        </NameValuePair>
        <NameValuePair>
            <name>RvaPort</name>
            <value>7600</value>
        </NameValuePair>
        <NameValuePair>
            <name>TIBHawkDaemon</name>
            <value>tcp:7474</value>
        </NameValuePair>
        <NameValuePair>
            <name>TIBHawkNetwork</name>
            <value></value>
        </NameValuePair>
        <NameValuePair>
            <name>TIBHawkService</name>
            <value>7474</value>
        </NameValuePair>
    </NVPairs>
    <repoInstances selected="local">
        <httpRepoInstance>
            <user></user>
            <password></password>
            <timeout>600</timeout>
            <url></url>
        </httpRepoInstance>
        <rvRepoInstance>
            <user></user>
            <password></password>
            <timeout>600</timeout>
            <discoveryTimout>10</discoveryTimout>
            <daemon>tcp:7500</daemon>
        </rvRepoInstance>
        <localRepoInstance>
            <encoding>ISO8859-1</encoding>
        </localRepoInstance>
    </repoInstances>
    <services>
        <bw name="Flight-FPMMessageHandlerProcessArchive.par">
            <enabled>true</enabled>
            <bindings>
                <binding name="FPMMessageHandlerProcessArchive">
                    <machine>BWTLM11</machine>
                    <product>
                        <type>BW</type>
                        <version>5.11</version>
                        <location>%%ENGINE_WORK_DIR%%/tibco/bw/5.11</location>
                    </product>
                    <setting>
                        <startOnBoot>false</startOnBoot>
                        <enableVerbose>false</enableVerbose>
                        <maxLogFileSize>20000</maxLogFileSize>
                        <maxLogFileCount>5</maxLogFileCount>
                        <threadCount>8</threadCount>
                        <java>
                            <initHeapSize>256</initHeapSize>
                            <maxHeapSize>512</maxHeapSize>
                            <threadStackSize>256</threadStackSize>
                        </java>
                    </setting>
                    <shutdown>
                        <checkpoint>false</checkpoint>
                        <timeout>0</timeout>
                    </shutdown>
                </binding>
            </bindings>
            <NVPairs name="Adapter SDK Properties">
                <NameValuePair>
                    <name>Trace.Task.*</name>
                    <value>false</value>
                </NameValuePair>
                <NameValuePair>
                    <name>EnableMemorySavingMode</name>
                    <value>true</value>
                </NameValuePair>
                <NameValuePair>
                    <name>bw.engine.enableJobRecovery</name>
                    <value>false</value>
                </NameValuePair>
                <NameValuePair>
                    <name>bw.engine.autoCheckpointRestart</name>
                    <value>false</value>
                </NameValuePair>
                <NameValuePair>
                    <name>bw.engine.jobstats.enable</name>
                    <value>false</value>
                </NameValuePair>
                <NameValuePair>
                    <name>log.file.encoding</name>
                    <value></value>
                </NameValuePair>
                <NameValuePair>
                    <name>bw.engine.emaEnabled</name>
                    <value>false</value>
                </NameValuePair>
                <NameValuePair>
                    <name>bw.container.service</name>
                    <value></value>
                </NameValuePair>
                <NameValuePair>
                    <name>bw.container.service.rmi.port</name>
                    <value>9995</value>
                </NameValuePair>
                <NameValuePair>
                    <name>bw.platform.services.retreiveresources.Enabled</name>
                    <value>false</value>
                </NameValuePair>
                <NameValuePair>
                    <name>bw.platform.services.retreiveresources.Hostname</name>
                    <value>localhost</value>
                </NameValuePair>
                <NameValuePair>
                    <name>bw.platform.services.retreiveresources.Httpport</name>
                    <value>8010</value>
                </NameValuePair>
                <NameValuePair>
                    <name>bw.platform.services.retreiveresources.defaultEncoding</name>
                    <value>ISO8859_1</value>
                </NameValuePair>
                <NameValuePair>
                    <name>bw.platform.services.retreiveresources.enableLookups</name>
                    <value>false</value>
                </NameValuePair>
                <NameValuePair>
                    <name>bw.platform.services.retreiveresources.isSecure</name>
                    <value>false</value>
                </NameValuePair>
                <NameValuePair>
                    <name>bw.platform.services.retreiveresources.identity</name>
                    <value>/Identity_HTTPConnection.id</value>
                </NameValuePair>
                <NameValuePair>
                    <name>bw.log4j.configuration</name>
                    <value></value>
                </NameValuePair>
                <NameValuePair>
                    <name>java.property.iapi.app.id</name>
                    <value>FES</value>
                </NameValuePair>
                <NameValuePair>
                    <name>java.property.iapi.app.name</name>
                    <value>FlightFPMMessageHandler</value>
                </NameValuePair>
                <NameValuePair>
                    <name>java.property.iapi.app.type</name>
                    <value>bw</value>
                </NameValuePair>
                <NameValuePair>
                    <name>java.property.com.tibco.cep.logger.factory</name>
                    <value>com.jb.monitor.IapiBWLogger</value>
                </NameValuePair>
                <NameValuePair>
                    <name>java.property.iapi.logfile.location</name>
                    <value>/var/log/tibco/flight/iapi-logs</value>
                </NameValuePair>
                <NameValuePair>
                    <name>java.extended.properties</name>
                    <value>-Dlog4j.configuration=file:////opt/tibco/appsconfig/flight/config/log4j.xml</value>
                </NameValuePair>
				<NameValuePair>
                    <name>Jmx.Enabled</name>
                    <value>true</value>
                </NameValuePair>
                <NameValuePair>
                    <name>java.property.com.sun.management.jmxremote</name>
                    <value>true</value>
                </NameValuePair>
                <NameValuePair>
                    <name>java.property.com.sun.management.jmxremote.port</name>
                    <value>9071</value>
                </NameValuePair>
                <NameValuePair>
                    <name>java.property.com.sun.management.jmxremote.rmi.port</name>
                    <value>9071</value>
                </NameValuePair>
                <NameValuePair>
                    <name>java.property.com.sun.management.jmxremote.authenticate</name>
                    <value>false</value>
                </NameValuePair>
                <NameValuePair>
                    <name>java.property.com.sun.management.jmxremote.ssl</name>
                    <value>false</value>
                </NameValuePair>
            </NVPairs>
            <failureCount>0</failureCount>
            <failureInterval>0</failureInterval>
            <bwprocesses>
                <bwprocess name="FPMMessageHandler/Listeners/FPMMessageHandlerPostMessageListener.process">
                    <starter>PostMessageMQReceiver</starter>
                    <enabled>true</enabled>
                    <maxJob>0</maxJob>
                    <activation>true</activation>
                    <flowLimit>0</flowLimit>
                </bwprocess>
                <bwprocess name="FPMMessageHandler/Listeners/FPMMessageHandlerPreMessageListener.process">
                    <starter>PreMessageMQReceiver</starter>
                    <enabled>true</enabled>
                    <maxJob>0</maxJob>
                    <activation>true</activation>
                    <flowLimit>0</flowLimit>
                </bwprocess>
                <bwprocess name="FPMMessageHandler/StarterProcess/SetMyHealthStatus.process">
                    <starter>onStartup</starter>
                    <enabled>true</enabled>
                    <maxJob>0</maxJob>
                    <activation>true</activation>
                    <flowLimit>0</flowLimit>
                </bwprocess>
            </bwprocesses>
            <isFt>false</isFt>
        </bw>
    </services>
</application>