<?xml version="1.0" encoding="UTF-8"?>

<application xmlns="http://www.tibco.com/xmlns/ApplicationManagement" name="FlightDomain/2.2/BusinessWorks/Flight-ODSLoader">
    <repoInstanceName>%%DOMAIN%%-Flight-ODSLoader</repoInstanceName>
    <NVPairs name="Global Variables">
        <NameValuePair>
            <name>DirLedger</name>
            <value>.</value>
        </NameValuePair>
        <NameValuePair>
            <name>DirTrace</name>
            <value>.</value>
        </NameValuePair>
        <NameValuePair>
            <name>FlightODSLoader/GLB_ERROR</name>
            <value>ERROR</value>
        </NameValuePair>
        <NameValuePair>
            <name>FlightODSLoader/GLB_FlightEventReceiverQueue</name>
            <value>APP.FES.ODSLOADER.FLTLEG.RECEIVE.1</value>
        </NameValuePair>
        <NameValuePair>
            <name>FlightODSLoader/GLB_ODSLoaderJMSAckMode</name>
            <value>23</value>
        </NameValuePair>
        <NameValuePair>
            <name>FlightODSLoader/GLB_PostAuditEventSubType</name>
            <value>PostAudit</value>
        </NameValuePair>
        <NameValuePair>
            <name>FlightODSLoader/GLB_PostAuditQueue</name>
            <value>APP.FES.ODSLOADER.POSTAUDIT.RECEIVE.1</value>
        </NameValuePair>
        <NameValuePair>
            <name>FlightODSLoader/JDBCConnections/FlightODSConnection/GLB_LoginTimeout</name>
            <value>10</value>
        </NameValuePair>
        <NameValuePair>
            <name>FlightODSLoader/JDBCConnections/FlightODSConnection/GLB_MaxRows</name>
            <value>100</value>
        </NameValuePair>
        <NameValuePair>
            <name>FlightODSLoader/JDBCConnections/FlightODSConnection/MIG_DatabaseSchemaName</name>
            <value>scmFlightODS</value>
        </NameValuePair>
        <NameValuePairPassword>
            <name>FlightODSLoader/JDBCConnections/FlightODSConnection/MIG_Password</name>
            <value>#!DCIkiHLtR6Z5vKEKnj7/tIaAgwT48+wYA+R3UIjF9TmUhP7Qvni7XQ==</value>
        </NameValuePairPassword>
        <NameValuePair>
            <name>FlightODSLoader/JDBCConnections/FlightODSConnection/MIG_UserName</name>
            <value>SVC_QA_FPESODSLoader</value>
        </NameValuePair>
        <NameValuePair>
            <name>HawkEnabled</name>
            <value>false</value>
        </NameValuePair>
        <NameValuePair>
            <name>JmsProviderUrl</name>
            <value>tcp://localhost:7222</value>
        </NameValuePair>
        <NameValuePair>
            <name>JmsSslProviderUrl</name>
            <value>ssl://localhost:7243</value>
        </NameValuePair>
        <NameValuePair>
            <name>RemoteRvDaemon</name>
            <value></value>
        </NameValuePair>
        <NameValuePair>
            <name>RvDaemon</name>
            <value>tcp:7500</value>
        </NameValuePair>
        <NameValuePair>
            <name>RvNetwork</name>
            <value></value>
        </NameValuePair>
        <NameValuePair>
            <name>RvService</name>
            <value>7500</value>
        </NameValuePair>
        <NameValuePair>
            <name>RvaHost</name>
            <value>localhost</value>
        </NameValuePair>
        <NameValuePair>
            <name>RvaPort</name>
            <value>7600</value>
        </NameValuePair>
        <NameValuePair>
            <name>SharedResources/JMSConnections/Flight_JMSServer-1/GLB_DeliveryMode</name>
            <value>PERSISTENT</value>
        </NameValuePair>
        <NameValuePair>
            <name>SharedResources/JMSConnections/Flight_JMSServer-1/GLB_MessagePriority</name>
            <value>4</value>
        </NameValuePair>
        <NameValuePair>
            <name>SharedResources/JMSConnections/Flight_JMSServer-1/JMSProviderURL</name>
            <value>tcp://jbecllemsq01.jblab.net:7222</value>
        </NameValuePair>
        <NameValuePair>
            <name>SharedResources/JMSConnections/Flight_JMSServer-1/JNDIContextFactory</name>
            <value>com.tibco.tibjms.naming.TibjmsInitialContextFactory</value>
        </NameValuePair>
        <NameValuePair>
            <name>SharedResources/JMSConnections/Flight_JMSServer-1/JNDIContextURL</name>
            <value>tibjmsnaming://jbecllemsq01.jblab.net:7222,tibjmsnaming://jbecllemsi01.jblab.net:7222</value>
        </NameValuePair>
        <NameValuePairPassword>
            <name>SharedResources/JMSConnections/Flight_JMSServer-1/JNDIPassword</name>
            <value>#!Q4ZKlTpeSabdhFEsOzNOz2kjZ3E2GhlALLWVXKympnMP1LAG4Ofb6CkU1E0t5Nk4NftO93qa5NY=</value>
        </NameValuePairPassword>
        <NameValuePair>
            <name>SharedResources/JMSConnections/Flight_JMSServer-1/JNDIUserName</name>
            <value>SVC_QA_FPES</value>
        </NameValuePair>
        <NameValuePairPassword>
            <name>SharedResources/JMSConnections/Flight_JMSServer-1/Password</name>
            <value>#!Q4ZKlTpeSabdhFEsOzNOz2kjZ3E2GhlALLWVXKympnMP1LAG4Ofb6CkU1E0t5Nk4NftO93qa5NY=</value>
        </NameValuePairPassword>
        <NameValuePair>
            <name>SharedResources/JMSConnections/Flight_JMSServer-1/QueueConnectionFactory</name>
            <value>QaFesIntSSLQueueConnectionFactory</value>
        </NameValuePair>
        <NameValuePair>
            <name>SharedResources/JMSConnections/Flight_JMSServer-1/TopicConnectionFactory</name>
            <value>QaFesIntSSLTopicConnectionFactory</value>
        </NameValuePair>
        <NameValuePair>
            <name>SharedResources/JMSConnections/Flight_JMSServer-1/UserName</name>
            <value>SVC_QA_FPES</value>
        </NameValuePair>
        <NameValuePair>
            <name>TIBHawkDaemon</name>
            <value>tcp:7494</value>
        </NameValuePair>
        <NameValuePair>
            <name>TIBHawkNetwork</name>
            <value></value>
        </NameValuePair>
        <NameValuePair>
            <name>TIBHawkService</name>
            <value>7494</value>
        </NameValuePair>
        <NameValuePair>
            <name>FlightODSLoader/ErrorCode/GLB_ERROR</name>
            <value>ERROR</value>
        </NameValuePair>
        <NameValuePair>
            <name>FlightODSLoader/ErrorCode/GLB_PARERROR</name>
            <value>PARSING_ERROR</value>
        </NameValuePair>
        <NameValuePair>
            <name>FlightODSLoader/ErrorCode/GLB_UNKNOWNERROR</name>
            <value>UNKNOWN_ERROR</value>
        </NameValuePair>
        <NameValuePair>
            <name>FlightODSLoader/ErrorCode/GLB_VALERROR</name>
            <value>VALIDATION_ERROR</value>
        </NameValuePair>
        <NameValuePair>
            <name>FlightODSLoader/GLB_FlightEventErrorQueue</name>
            <value>APP.FES.ODSLOADER.FLTLEG.ERRORQUEUE.1</value>
        </NameValuePair>
        <NameValuePair>
            <name>FlightODSLoader/GLB_FlightEventReceiverEventQueue</name>
            <value>APP.FES.ODSLOADER.FLTLEG.RECEIVE.2</value>
        </NameValuePair>
        <NameValuePair>
            <name>FlightODSLoader/GLB_ODSLoaderJMSMaxSessions</name>
            <value>10</value>
        </NameValuePair>
        <NameValuePair>
            <name>FlightODSLoader/JDBCConnections/FlightODSConnection/GLB_MaximumConnections</name>
            <value>20</value>
        </NameValuePair>
        <NameValuePair>
            <name>FlightODSLoader/JDBCConnections/FlightODSConnection/GLB_TimeoutInSecs</name>
            <value>0</value>
        </NameValuePair>
        <NameValuePair>
            <name>FlightODSLoader/JDBCConnections/FlightODSConnection/MIG_DatabaseURL</name>
            <value>jdbc:sqlserver://jbeclmappdbd01.jblab.net;databaseName=ODSFlightIntR2;SendStringParametersAsUnicode=false</value>
        </NameValuePair>
        <NameValuePair>
            <name>FlightODSLoader/MIG_FlightEventStorProc</name>
            <value>SP_INSERT_MESSAGE_XML_EVENT;1</value>
        </NameValuePair>
        <NameValuePair>
            <name>FlightODSLoader/MIG_FlightStorProc</name>
            <value>SP_INSERT_MESSAGE_XML;1</value>
        </NameValuePair>
        <NameValuePair>
            <name>FlightODSLoader/MIG_PostAuditStorProc</name>
            <value>SP_POST_AUDIT_PROCESS;1</value>
        </NameValuePair>
        <NameValuePair>
            <name>SharedResources/EnterpriseFlightTopic</name>
            <value>ENT.FLT.FES.FLTLEG.FPM.1</value>
        </NameValuePair>
        <NameValuePair>
            <name>SharedResources/JMSConnections/Flight_JMSServer-2/JMSProviderURL</name>
            <value>tcp://jbecllemsq01.jblab.net:7222</value>
        </NameValuePair>
        <NameValuePair>
            <name>SharedResources/JMSConnections/Flight_JMSServer-2/JNDIContextFactory</name>
            <value>com.tibco.tibjms.naming.TibjmsInitialContextFactory</value>
        </NameValuePair>
        <NameValuePair>
            <name>SharedResources/JMSConnections/Flight_JMSServer-2/JNDIContextURL</name>
            <value>tibjmsnaming://jbecllemsq01.jblab.net:7222,tibjmsnaming://jbecllemsi01.jblab.net:7222</value>
        </NameValuePair>
        <NameValuePairPassword>
            <name>SharedResources/JMSConnections/Flight_JMSServer-2/JNDIPassword</name>
            <value>#!Q4ZKlTpeSabdhFEsOzNOz2kjZ3E2GhlALLWVXKympnMP1LAG4Ofb6CkU1E0t5Nk4NftO93qa5NY=</value>
        </NameValuePairPassword>
        <NameValuePair>
            <name>SharedResources/JMSConnections/Flight_JMSServer-2/JNDIUserName</name>
            <value>SVC_QA_FPES</value>
        </NameValuePair>
        <NameValuePairPassword>
            <name>SharedResources/JMSConnections/Flight_JMSServer-2/Password</name>
            <value>#!Q4ZKlTpeSabdhFEsOzNOz2kjZ3E2GhlALLWVXKympnMP1LAG4Ofb6CkU1E0t5Nk4NftO93qa5NY=</value>
        </NameValuePairPassword>
        <NameValuePair>
            <name>SharedResources/JMSConnections/Flight_JMSServer-2/QueueConnectionFactory</name>
            <value>QaFesIntSSLQueueConnectionFactory</value>
        </NameValuePair>
        <NameValuePair>
            <name>SharedResources/JMSConnections/Flight_JMSServer-2/TopicConnectionFactory</name>
            <value>QaFesIntSSLTopicConnectionFactory</value>
        </NameValuePair>
        <NameValuePair>
            <name>SharedResources/JMSConnections/Flight_JMSServer-2/UserName</name>
            <value>SVC_QA_FPES</value>
        </NameValuePair>
        <NameValuePair>
            <name>FlightODSLoader/GLB_RetrySleepSeconds</name>
            <value>30000</value>
        </NameValuePair>
    </NVPairs>
    <repoInstances selected="local">
        <httpRepoInstance></httpRepoInstance>
        <rvRepoInstance>
            <discoveryTimout>10</discoveryTimout>
            <regionalSubject></regionalSubject>
            <operationRetry>0</operationRetry>
        </rvRepoInstance>
        <localRepoInstance>
            <encoding>UTF-8</encoding>
        </localRepoInstance>
    </repoInstances>
    <services>
        <bw name="Flight-ODSLoaderProcessArchive.par">
            <enabled>true</enabled>
            <bindings>
                <binding name="Flight-ODSLoaderProcessArchive">
                    <machine>BWTLM11</machine>
                    <product>
                        <type>BW</type>
                        <version>5.11</version>
                        <location>%%ENGINE_WORK_DIR%%/tibco/bw/5.11</location>
                    </product>
                    <setting>
                        <startOnBoot>false</startOnBoot>
                        <enableVerbose>false</enableVerbose>
                        <maxLogFileSize>20000</maxLogFileSize>
                        <maxLogFileCount>5</maxLogFileCount>
                        <threadCount>8</threadCount>
                        <java>
                            <initHeapSize>256</initHeapSize>
                            <maxHeapSize>512</maxHeapSize>
                            <threadStackSize>256</threadStackSize>
                        </java>
                    </setting>
                    <shutdown>
                        <checkpoint>false</checkpoint>
                        <timeout>0</timeout>
                    </shutdown>
                </binding>
            </bindings>
            <NVPairs name="Adapter SDK Properties">
                <NameValuePair>
                    <name>Trace.Task.*</name>
                    <value>false</value>
                </NameValuePair>
                <NameValuePair>
                    <name>EnableMemorySavingMode</name>
                    <value>false</value>
                </NameValuePair>
                <NameValuePair>
                    <name>bw.engine.enableJobRecovery</name>
                    <value>false</value>
                </NameValuePair>
                <NameValuePair>
                    <name>bw.engine.autoCheckpointRestart</name>
                    <value>true</value>
                </NameValuePair>
                <NameValuePair>
                    <name>bw.engine.jobstats.enable</name>
                    <value>false</value>
                </NameValuePair>
                <NameValuePair>
                    <name>log.file.encoding</name>
                    <value></value>
                </NameValuePair>
                <NameValuePair>
                    <name>bw.engine.emaEnabled</name>
                    <value>false</value>
                </NameValuePair>
                <NameValuePair>
                    <name>bw.container.service</name>
                    <value></value>
                </NameValuePair>
                <NameValuePair>
                    <name>bw.container.service.rmi.port</name>
                    <value>9995</value>
                </NameValuePair>
                <NameValuePair>
                    <name>bw.platform.services.retreiveresources.Enabled</name>
                    <value>false</value>
                </NameValuePair>
                <NameValuePair>
                    <name>bw.platform.services.retreiveresources.Hostname</name>
                    <value>localhost</value>
                </NameValuePair>
                <NameValuePair>
                    <name>bw.platform.services.retreiveresources.Httpport</name>
                    <value>8010</value>
                </NameValuePair>
                <NameValuePair>
                    <name>bw.platform.services.retreiveresources.defaultEncoding</name>
                    <value>ISO8859_1</value>
                </NameValuePair>
                <NameValuePair>
                    <name>bw.platform.services.retreiveresources.enableLookups</name>
                    <value>false</value>
                </NameValuePair>
                <NameValuePair>
                    <name>bw.platform.services.retreiveresources.isSecure</name>
                    <value>false</value>
                </NameValuePair>
                <NameValuePair>
                    <name>bw.platform.services.retreiveresources.identity</name>
                    <value>/Identity_HTTPConnection.id</value>
                </NameValuePair>
                <NameValuePair>
                    <name>bw.log4j.configuration</name>
                    <value></value>
                </NameValuePair>
                <NameValuePair>
                    <name>java.property.iapi.app.id</name>
                    <value>FES</value>
                </NameValuePair>
                <NameValuePair>
                    <name>java.property.iapi.app.name</name>
                    <value>Flight-ODSLoader</value>
                </NameValuePair>
                <NameValuePair>
                    <name>java.property.iapi.app.type</name>
                    <value>bw</value>
                </NameValuePair>
                <NameValuePair>
                    <name>java.property.com.tibco.cep.logger.factory</name>
                    <value>com.jb.monitor.IapiBWLogger</value>
                </NameValuePair>
                <NameValuePair>
                    <name>java.property.iapi.logfile.location</name>
                    <value>/var/log/tibco/flight/iapi-logs</value>
                </NameValuePair>
                <NameValuePair>
                    <name>java.extended.properties</name>
                    <value>-Dlog4j.configuration=file:////opt/tibco/appsconfig/flight/config/log4j.xml</value>
                </NameValuePair>
                <NameValuePair>
                    <name>Jmx.Enabled</name>
                    <value>true</value>
                </NameValuePair>
                <NameValuePair>
                    <name>java.property.com.sun.management.jmxremote</name>
                    <value>true</value>
                </NameValuePair>
                <NameValuePair>
                    <name>java.property.com.sun.management.jmxremote.authenticate</name>
                    <value>false</value>
                </NameValuePair>
                <NameValuePair>
                    <name>java.property.com.sun.management.jmxremote.ssl</name>
                    <value>false</value>
                </NameValuePair>
                <NameValuePair>
                    <name>java.property.com.sun.management.jmxremote.port</name>
                    <value>9013</value>
                </NameValuePair>
                <NameValuePair>
                    <name>java.property.com.sun.management.jmxremote.rmi.port</name>
                    <value>9013</value>
                </NameValuePair>
                <NameValuePair>
                    <name>java.property.log4j.debug</name>
                    <value></value>
                </NameValuePair>
                <NameValuePair>
                    <name>java.property.com.tibco.tibjms.reconnect.attempts</name>
                    <value>40,10000</value>
                </NameValuePair>
                <NameValuePair>
                    <name>java.property.com.tibco.tibjms.connect.attempts</name>
                    <value>40,10000</value>
                </NameValuePair>
                <NameValuePair>
                    <name>java.heap.size.initial</name>
                    <value></value>
                </NameValuePair>
                <NameValuePair>
                    <name>java.heap.size.max</name>
                    <value></value>
                </NameValuePair>
            </NVPairs>
            <failureCount>0</failureCount>
            <failureInterval>0</failureInterval>
            <bwprocesses>
                <bwprocess name="ODSLoader/Listeners/PostAuditEventReceiver.process">
                    <starter>PostAuditMessageReceiver</starter>
                    <enabled>true</enabled>
                    <maxJob>10</maxJob>
                    <activation>true</activation>
                    <flowLimit>20</flowLimit>
                </bwprocess>
                <bwprocess name="ODSLoader/Listeners/ODSDataLoader.process">
                    <starter>FlightEventReceiver</starter>
                    <enabled>true</enabled>
                    <maxJob>10</maxJob>
                    <activation>true</activation>
                    <flowLimit>20</flowLimit>
                </bwprocess>
                <bwprocess name="ODSLoader/Listeners/EventODSDataLoader.process">
                    <starter>FlightEventReceiver</starter>
                    <enabled>true</enabled>
                    <maxJob>10</maxJob>
                    <activation>true</activation>
                    <flowLimit>20</flowLimit>
                </bwprocess>
                <bwprocess name="ODSLoader/Listeners/SetMyHealthStatus.process">
                    <starter>onStartup</starter>
                    <enabled>true</enabled>
                    <maxJob>10</maxJob>
                    <activation>true</activation>
                    <flowLimit>20</flowLimit>
                </bwprocess>
            </bwprocesses>
            <checkpoints selected="Local File">
                <checkpoint>Local File</checkpoint>
                <checkpoint>/ODSLoader/Resources/Connections/JDBCConnections/FlightODSConnection</checkpoint>
                <checkpoint>/ODSLoader/Resources/Connections/JDBCConnections/JDBC Connection</checkpoint>
                <tablePrefix>Flight_ODS_45128836</tablePrefix>
            </checkpoints>
            <isFt>false</isFt>
        </bw>
    </services>
</application>