<?xml version="1.0" encoding="UTF-8"?>

<application xmlns="http://www.tibco.com/xmlns/ApplicationManagement" name="FlightDomain/2.2/BusinessWorks/Flight-TopicRouter">
    <repoInstanceName>%%DOMAIN%%-Flight-TopicRouter</repoInstanceName>
    <NVPairs name="Global Variables">
        <NameValuePair>
            <name>DirLedger</name>
            <value>.</value>
        </NameValuePair>
        <NameValuePair>
            <name>DirTrace</name>
            <value>.</value>
        </NameValuePair>
        <NameValuePair>
            <name>HawkEnabled</name>
            <value>false</value>
        </NameValuePair>
        <NameValuePair>
            <name>JmsProviderUrl</name>
            <value>tcp://localhost:7222</value>
        </NameValuePair>
        <NameValuePair>
            <name>JmsSslProviderUrl</name>
            <value>ssl://localhost:7243</value>
        </NameValuePair>
        <NameValuePair>
            <name>RemoteRvDaemon</name>
            <value></value>
        </NameValuePair>
        <NameValuePair>
            <name>RvDaemon</name>
            <value>tcp:7500</value>
        </NameValuePair>
        <NameValuePair>
            <name>RvNetwork</name>
            <value></value>
        </NameValuePair>
        <NameValuePair>
            <name>RvService</name>
            <value>7500</value>
        </NameValuePair>
        <NameValuePair>
            <name>RvaHost</name>
            <value>localhost</value>
        </NameValuePair>
        <NameValuePair>
            <name>RvaPort</name>
            <value>7600</value>
        </NameValuePair>
        <NameValuePairInteger>
            <name>SharedResources/GLB_ProcessTimeout</name>
            <value>20000</value>
        </NameValuePairInteger>
        <NameValuePair>
            <name>SharedResources/JMS/GLB_Auto-generateClientID</name>
            <value>true</value>
        </NameValuePair>
        <NameValuePair>
            <name>SharedResources/JMS/GLB_DeliveryMode</name>
            <value>NON_PERSISTENT</value>
        </NameValuePair>
        <NameValuePair>
            <name>SharedResources/JMS/GLB_JMSExpiration</name>
            <value>0</value>
        </NameValuePair>
        <NameValuePair>
            <name>SharedResources/JMS/GLB_JNDIContextFactory</name>
            <value>com.tibco.tibjms.naming.TibjmsInitialContextFactory</value>
        </NameValuePair>
        <NameValuePair>
            <name>SharedResources/JMS/GLB_Priority</name>
            <value>4</value>
        </NameValuePair>
        <NameValuePair>
            <name>SharedResources/JMS/MIG_JNDIContextURL</name>
            <value>tibjmsnaming://jbecllemsi01.jblab.net:7222</value>
        </NameValuePair>
        <NameValuePairPassword>
            <name>SharedResources/JMS/MIG_JNDIPassword</name>
            <value>#!Q4ZKlTpeSabdhFEsOzNOz2kjZ3E2GhlALLWVXKympnMP1LAG4Ofb6CkU1E0t5Nk4NftO93qa5NY=</value>
        </NameValuePairPassword>
        <NameValuePair>
            <name>SharedResources/JMS/MIG_JNDIUser</name>
            <value>SVC_INT_FPES</value>
        </NameValuePair>
        <NameValuePairPassword>
            <name>SharedResources/JMS/MIG_Password</name>
            <value>#!Q4ZKlTpeSabdhFEsOzNOz2kjZ3E2GhlALLWVXKympnMP1LAG4Ofb6CkU1E0t5Nk4NftO93qa5NY=</value>
        </NameValuePairPassword>
        <NameValuePair>
            <name>SharedResources/JMS/MIG_User</name>
            <value>SVC_INT_FPES</value>
        </NameValuePair>
        <NameValuePair>
            <name>SharedResources/JMS/PTY_QueueConnectionFactory</name>
            <value>TstFesIntSSLQueueConnectionFactory</value>
        </NameValuePair>
        <NameValuePair>
            <name>SharedResources/JMS/PTY_TopicConnectionFactory</name>
            <value>TstFesIntSSLTopicConnectionFactory</value>
        </NameValuePair>
        <NameValuePair>
            <name>TIBHawkDaemon</name>
            <value>tcp:7494</value>
        </NameValuePair>
        <NameValuePair>
            <name>TIBHawkNetwork</name>
            <value></value>
        </NameValuePair>
        <NameValuePair>
            <name>TIBHawkService</name>
            <value>7494</value>
        </NameValuePair>
        <NameValuePair>
            <name>TopicRouter/EnterpriseQueue-2.0</name>
            <value>APP.FES.FLIGHTPUBLISHER.BRIDGE.1</value>
        </NameValuePair>
        <NameValuePair>
            <name>TopicRouter/EnterpriseTopic-1.0</name>
            <value>ENT.FLT.FES.FLTLEG.1</value>
        </NameValuePair>
        <NameValuePair>
            <name>TopicRouter/FlightEvent</name>
            <value>:FlightEvent</value>
        </NameValuePair>
        <NameValuePairInteger>
            <name>TopicRouter/GLB_AcknowledgementMode</name>
            <value>2</value>
        </NameValuePairInteger>
        <NameValuePairInteger>
            <name>TopicRouter/GLB_MaxSessions</name>
            <value>1</value>
        </NameValuePairInteger>
        <NameValuePair>
            <name>TopicRouter/R2EventSubTypes/BaggageClaimUpdate</name>
            <value>BaggageClaimUpdate</value>
        </NameValuePair>
        <NameValuePair>
            <name>TopicRouter/R2EventSubTypes/BoardingStatusUpdate</name>
            <value>BoardingStatusUpdate</value>
        </NameValuePair>
        <NameValuePair>
            <name>TopicRouter/R2EventSubTypes/FPMPostMessage</name>
            <value>FPMPostMessage</value>
        </NameValuePair>
        <NameValuePair>
            <name>TopicRouter/R2EventSubTypes/FPMPreMessage</name>
            <value>FPMPreMessage</value>
        </NameValuePair>
        <NameValuePair>
            <name>TopicRouter/SecureEnterpriseQueue-2.0</name>
            <value>APP.FES.FLIGHTPUBLISHER.BRIDGE.SECURE.1</value>
        </NameValuePair>
        <NameValuePair>
            <name>TopicRouter/SecureEnterpriseTopic-1.0</name>
            <value>ENT.FLT.FES.FLTLEG.SECURE.1</value>
        </NameValuePair>
    </NVPairs>
    <repoInstances selected="local">
        <httpRepoInstance></httpRepoInstance>
        <rvRepoInstance>
            <discoveryTimout>10</discoveryTimout>
            <regionalSubject></regionalSubject>
            <operationRetry>0</operationRetry>
        </rvRepoInstance>
        <localRepoInstance>
            <encoding>UTF-8</encoding>
        </localRepoInstance>
    </repoInstances>
    <services>
        <bw name="Flight-TopicRouterProcessArchive.par">
            <enabled>true</enabled>
            <bindings>
                <binding name="Flight-TopicRouterProcessArchive">
                    <machine>BWTLM3</machine>
                    <product>
                        <type>BW</type>
                        <version>5.11</version>
                        <location>/opt/tibco/DSEngine/work/jbccllbwt903-0/tibco/bw/5.11</location>
                    </product>
                    <setting>
                        <startOnBoot>false</startOnBoot>
                        <enableVerbose>false</enableVerbose>
                        <maxLogFileSize>20000</maxLogFileSize>
                        <maxLogFileCount>5</maxLogFileCount>
                        <threadCount>8</threadCount>
                        <java>
                            <initHeapSize>256</initHeapSize>
                            <maxHeapSize>512</maxHeapSize>
                            <threadStackSize>256</threadStackSize>
                        </java>
                    </setting>
                    <shutdown>
                        <checkpoint>false</checkpoint>
                        <timeout>0</timeout>
                    </shutdown>
                </binding>
            </bindings>
            <NVPairs name="Adapter SDK Properties">
                <NameValuePair>
                    <name>Trace.Task.*</name>
                    <value>false</value>
                </NameValuePair>
                <NameValuePair>
                    <name>EnableMemorySavingMode</name>
                    <value>true</value>
                </NameValuePair>
                <NameValuePair>
                    <name>bw.engine.enableJobRecovery</name>
                    <value>false</value>
                </NameValuePair>
                <NameValuePair>
                    <name>bw.engine.autoCheckpointRestart</name>
                    <value>false</value>
                </NameValuePair>
                <NameValuePair>
                    <name>bw.engine.jobstats.enable</name>
                    <value>false</value>
                </NameValuePair>
                <NameValuePair>
                    <name>log.file.encoding</name>
                    <value></value>
                </NameValuePair>
                <NameValuePair>
                    <name>bw.engine.emaEnabled</name>
                    <value>false</value>
                </NameValuePair>
                <NameValuePair>
                    <name>bw.container.service</name>
                    <value></value>
                </NameValuePair>
                <NameValuePair>
                    <name>bw.container.service.rmi.port</name>
                    <value>9995</value>
                </NameValuePair>
                <NameValuePair>
                    <name>bw.platform.services.retreiveresources.Enabled</name>
                    <value>false</value>
                </NameValuePair>
                <NameValuePair>
                    <name>bw.platform.services.retreiveresources.Hostname</name>
                    <value>localhost</value>
                </NameValuePair>
                <NameValuePair>
                    <name>bw.platform.services.retreiveresources.Httpport</name>
                    <value>8010</value>
                </NameValuePair>
                <NameValuePair>
                    <name>bw.platform.services.retreiveresources.defaultEncoding</name>
                    <value>ISO8859_1</value>
                </NameValuePair>
                <NameValuePair>
                    <name>bw.platform.services.retreiveresources.enableLookups</name>
                    <value>false</value>
                </NameValuePair>
                <NameValuePair>
                    <name>bw.platform.services.retreiveresources.isSecure</name>
                    <value>false</value>
                </NameValuePair>
                <NameValuePair>
                    <name>bw.platform.services.retreiveresources.identity</name>
                    <value>/Identity_HTTPConnection.id</value>
                </NameValuePair>
                <NameValuePair>
                    <name>bw.log4j.configuration</name>
                    <value></value>
                </NameValuePair>
                <NameValuePair>
                    <name>java.property.iapi.app.id</name>
                    <value>FES</value>
                </NameValuePair>
                <NameValuePair>
                    <name>java.property.iapi.app.name</name>
                    <value>Flight-TopicRouter</value>
                </NameValuePair>
                <NameValuePair>
                    <name>java.property.iapi.app.type</name>
                    <value>bw</value>
                </NameValuePair>
                <NameValuePair>
                    <name>java.property.iapi.logfile.location</name>
                    <value>/var/log/tibco/flight/iapi-logs</value>
                </NameValuePair>
                <NameValuePair>
                    <name>java.property.pdfgen.baseURL</name>
                    <value>file:////home/tibdev/aci/bp-conf</value>
                </NameValuePair>
                <NameValuePair>
                    <name>java.heap.size.initial</name>
                    <value>256M</value>
                </NameValuePair>
                <NameValuePair>
                    <name>java.heap.size.max</name>
                    <value>256M</value>
                </NameValuePair>
                <NameValuePair>
                    <name>java.property.com.tibco.tibjms.reconnect.attempts</name>
                    <value>40,10000</value>
                </NameValuePair>
                <NameValuePair>
                    <name>java.property.com.tibco.tibjms.connect.attempts</name>
                    <value>40,10000</value>
                </NameValuePair>
                <NameValuePair>
                    <name>java.extended.properties</name>
                    <value>-Dlog4j.configuration=file:////opt/tibco/appsconfig/flight/config/log4j.xml</value>
                </NameValuePair>
                <NameValuePair>
                    <name>java.property.log4j.debug</name>
                    <value>false</value>
                </NameValuePair>
                <NameValuePair>
                    <name>Jmx.Enabled</name>
                    <value>true</value>
                </NameValuePair>
                <NameValuePair>
                    <name>java.property.com.sun.management.jmxremote</name>
                    <value>true</value>
                </NameValuePair>
                <NameValuePair>
                    <name>java.property.com.sun.management.jmxremote.port</name>
                    <value>9088</value>
                </NameValuePair>
                <NameValuePair>
                    <name>java.property.com.sun.management.jmxremote.rmi.port</name>
                    <value>9088</value>
                </NameValuePair>
                <NameValuePair>
                    <name>java.property.com.sun.management.jmxremote.authenticate</name>
                    <value>false</value>
                </NameValuePair>
                <NameValuePair>
                    <name>java.property.com.sun.management.jmxremote.ssl</name>
                    <value>false</value>
                </NameValuePair>
            </NVPairs>
            <failureCount>0</failureCount>
            <failureInterval>0</failureInterval>
            <bwprocesses>
                <bwprocess name="TopicRouter/Listeners/SecureTopicListener.process">
                    <starter>SecureEnterpriseQueueReceiver</starter>
                    <enabled>true</enabled>
                    <maxJob>0</maxJob>
                    <activation>true</activation>
                    <flowLimit>0</flowLimit>
                </bwprocess>
                <bwprocess name="TopicRouter/Listeners/TopicListener.process">
                    <starter>EnterpriseQueueReceiver</starter>
                    <enabled>true</enabled>
                    <maxJob>0</maxJob>
                    <activation>true</activation>
                    <flowLimit>0</flowLimit>
                </bwprocess>
                <bwprocess name="TopicRouter/StarterProcess/SetMyHealthStatus.process">
                    <starter>onStartup</starter>
                    <enabled>true</enabled>
                    <maxJob>0</maxJob>
                    <activation>true</activation>
                    <flowLimit>0</flowLimit>
                </bwprocess>
            </bwprocesses>
            <isFt>false</isFt>
        </bw>
    </services>
</application>