<?xml version="1.0" encoding="UTF-8"?>

<application xmlns="http://www.tibco.com/xmlns/ApplicationManagement" name="FlightDomain/2.1.0/BusinessWorks/Flight-ScheduleLoader">
    <repoInstanceName>%%DOMAIN%%-Flight-ScheduleLoader</repoInstanceName>
    <NVPairs name="Global Variables">
        <NameValuePairPassword>
            <name>Common/Connections/SFTP/Password</name>
            <value>#!QrlBA9EG5mUJqXRZbnjU9LM5sJtkwKmC</value>
        </NameValuePairPassword>
        <NameValuePair>
            <name>Common/Connections/SFTP/PrivateKeyFilename</name>
            <value></value>
        </NameValuePair>
        <NameValuePairPassword>
            <name>Common/Connections/SFTP/PrivateKeyPassword</name>
            <value>#!DW9GamGJv9iZvZxOwpvjzJf9esaMxZeXrf2qst3VvPE=</value>
        </NameValuePairPassword>
        <NameValuePair>
            <name>DirLedger</name>
            <value>.</value>
        </NameValuePair>
        <NameValuePair>
            <name>DirTrace</name>
            <value>.</value>
        </NameValuePair>
        <NameValuePairInteger>
            <name>FlightScheduleLoader/LoadReqJMSAckMode</name>
            <value>2</value>
        </NameValuePairInteger>
        <NameValuePairInteger>
            <name>FlightScheduleLoader/LoadReqJMSMaxSessions</name>
            <value>1</value>
        </NameValuePairInteger>
        <NameValuePair>
            <name>FlightScheduleLoader/OperationalSSIMLocation</name>
            <value>/home/tibint/flight/application/data/op-ssim/*</value>
        </NameValuePair>
        <NameValuePair>
            <name>FlightScheduleLoader/OperationalWindowRequestQueue</name>
            <value>APP.FES.LC.OPWINDOW.REQUEST.1</value>
        </NameValuePair>
        <NameValuePair>
            <name>FlightScheduleLoader/OperationalWindowResponseQueue</name>
            <value>APP.FES.LC.OPWINDOW.RESPONSE.1</value>
        </NameValuePair>
        <NameValuePairInteger>
            <name>FlightScheduleLoader/ParserNumRecordsToLoad</name>
            <value>1000</value>
        </NameValuePairInteger>
        <NameValuePair>
            <name>FlightScheduleLoader/PublishedSSIMLocation</name>
            <value>/home/tibint/flight/application/data/pub-ssim/*</value>
        </NameValuePair>
        <NameValuePair>
            <name>FlightScheduleLoader/SSIMFileEncoding</name>
            <value>ASCII</value>
        </NameValuePair>
        <NameValuePair>
            <name>FlightScheduleLoader/SSMFileLocation</name>
            <value>/home/tibint/flight/application/data/ssm/*</value>
        </NameValuePair>
        <NameValuePair>
            <name>FlightScheduleLoader/ScheduleRequestQueue</name>
            <value>APP.FES.LC.SCH.REQUEST.1</value>
        </NameValuePair>
        <NameValuePair>
            <name>FlightScheduleLoader/ScheduleResponseQueue</name>
            <value>APP.FES.LC.SCH.RESPONSE.1</value>
        </NameValuePair>
        <NameValuePair>
            <name>FlightScheduleLoader/ScheduleUpdateQueue</name>
            <value>APP.FES.SCHLDR.SCHCHANGE.RESPONSE.1</value>
        </NameValuePair>
        <NameValuePair>
            <name>HawkEnabled</name>
            <value>false</value>
        </NameValuePair>
        <NameValuePair>
            <name>JmsProviderUrl</name>
            <value>tcp://jbecllemsi01.jblab.net:7222</value>
        </NameValuePair>
        <NameValuePair>
            <name>JmsSslProviderUrl</name>
            <value>ssl://jbecllemsi01.jblab.net:7243</value>
        </NameValuePair>
        <NameValuePair>
            <name>RemoteRvDaemon</name>
            <value></value>
        </NameValuePair>
        <NameValuePair>
            <name>RvDaemon</name>
            <value>tcp:7500</value>
        </NameValuePair>
        <NameValuePair>
            <name>RvNetwork</name>
            <value></value>
        </NameValuePair>
        <NameValuePair>
            <name>RvService</name>
            <value>7500</value>
        </NameValuePair>
        <NameValuePair>
            <name>RvaHost</name>
            <value>localhost</value>
        </NameValuePair>
        <NameValuePair>
            <name>RvaPort</name>
            <value>7600</value>
        </NameValuePair>
        <NameValuePairBoolean>
            <name>ScheduleFiles/FetchOperationalSSIM</name>
            <value>true</value>
        </NameValuePairBoolean>
        <NameValuePairBoolean>
            <name>ScheduleFiles/FetchPublishedSSIM</name>
            <value>true</value>
        </NameValuePairBoolean>
        <NameValuePairBoolean>
            <name>ScheduleFiles/FetchSSM</name>
            <value>true</value>
        </NameValuePairBoolean>
        <NameValuePair>
            <name>ScheduleFiles/Local/ArchiveOperationalFileLocation</name>
            <value>/home/tibint/flight/application/data/op-ssim-archive/</value>
        </NameValuePair>
        <NameValuePair>
            <name>ScheduleFiles/Local/ArchivePublishedFileLocation</name>
            <value>/home/tibint/flight/application/data/pub-ssim-archive/</value>
        </NameValuePair>
        <NameValuePair>
            <name>ScheduleFiles/Local/ArchiveSSMFileLocation</name>
            <value>/home/tibint/flight/application/data/ssm-archive/</value>
        </NameValuePair>
        <NameValuePair>
            <name>ScheduleFiles/Local/OperationalFileLocation</name>
            <value>/home/tibint/flight/application/data/op-ssim/</value>
        </NameValuePair>
        <NameValuePair>
            <name>ScheduleFiles/Local/PublishedFileLocation</name>
            <value>/home/tibint/flight/application/data/pub-ssim/</value>
        </NameValuePair>
        <NameValuePair>
            <name>ScheduleFiles/Local/SSMFileLocation</name>
            <value>/home/tibint/flight/application/data/ssm/</value>
        </NameValuePair>
        <NameValuePairInteger>
            <name>ScheduleFiles/NewFileFetchFrequencyInMillis</name>
            <value>7200000</value>
        </NameValuePairInteger>
        <NameValuePairInteger>
            <name>ScheduleFiles/NumMonthsToRetainSSMFile</name>
            <value>4</value>
        </NameValuePairInteger>
        <NameValuePairInteger>
            <name>ScheduleFiles/NumOfOP.SSIMFilesToRetain</name>
            <value>3</value>
        </NameValuePairInteger>
        <NameValuePairInteger>
            <name>ScheduleFiles/NumOfPUB.SSIMFilesToRetain</name>
            <value>2</value>
        </NameValuePairInteger>
        <NameValuePair>
            <name>ScheduleFiles/Remote/Host</name>
            <value>secureftp.jetblue.com</value>
        </NameValuePair>
        <NameValuePair>
            <name>ScheduleFiles/Remote/OperationalSSIMFilenameSearchStr</name>
            <value>-OP.SSIM</value>
        </NameValuePair>
        <NameValuePairInteger>
            <name>ScheduleFiles/Remote/Port</name>
            <value>22</value>
        </NameValuePairInteger>
        <NameValuePair>
            <name>ScheduleFiles/Remote/PublishedSSIMFilenameSearchStr</name>
            <value>-PUB.SSIM</value>
        </NameValuePair>
        <NameValuePair>
            <name>ScheduleFiles/Remote/Pwd</name>
            <value>12mpjp</value>
        </NameValuePair>
        <NameValuePair>
            <name>ScheduleFiles/Remote/SSMFilenameSearchStr</name>
            <value>-SCM.SSM</value>
        </NameValuePair>
        <NameValuePair>
            <name>ScheduleFiles/Remote/ScheduleFileLocation</name>
            <value>/Home/B6_SSIM/NonProd</value>
        </NameValuePair>
        <NameValuePair>
            <name>ScheduleFiles/Remote/User</name>
            <value>tibssim</value>
        </NameValuePair>
        <NameValuePairBoolean>
            <name>ScheduleFiles/SkipFileCheck</name>
            <value>true</value>
        </NameValuePairBoolean>
        <NameValuePairInteger>
            <name>ScheduleFiles/UpdateFrequencyInMinutes</name>
            <value>5</value>
        </NameValuePairInteger>
        <NameValuePair>
            <name>SharedResources/EnterpriseFlightTopic</name>
            <value>ENT.FLT.FES.FLTLEG.2</value>
        </NameValuePair>
        <NameValuePair>
            <name>SharedResources/JMSConnections/Flight_JMSServer-1/GLB_DeliveryMode</name>
            <value>PERSISTENT</value>
        </NameValuePair>
        <NameValuePair>
            <name>SharedResources/JMSConnections/Flight_JMSServer-1/GLB_MessagePriority</name>
            <value>4</value>
        </NameValuePair>
        <NameValuePair>
            <name>SharedResources/JMSConnections/Flight_JMSServer-1/JMSProviderURL</name>
            <value>tcp://jbecllemsi01.jblab.net:7222</value>
        </NameValuePair>
        <NameValuePair>
            <name>SharedResources/JMSConnections/Flight_JMSServer-1/JNDIContextFactory</name>
            <value>com.tibco.tibjms.naming.TibjmsInitialContextFactory</value>
        </NameValuePair>
        <NameValuePair>
            <name>SharedResources/JMSConnections/Flight_JMSServer-1/JNDIContextURL</name>
            <value>tibjmsnaming://jbecllemsi01.jblab.net:7222,tibjmsnaming://jbecllemsi01.jblab.net:7222</value>
        </NameValuePair>
        <NameValuePairPassword>
            <name>SharedResources/JMSConnections/Flight_JMSServer-1/JNDIPassword</name>
            <value>#!Q4ZKlTpeSabdhFEsOzNOz2kjZ3E2GhlALLWVXKympnMP1LAG4Ofb6CkU1E0t5Nk4NftO93qa5NY=</value>
        </NameValuePairPassword>
        <NameValuePair>
            <name>SharedResources/JMSConnections/Flight_JMSServer-1/JNDIUserName</name>
            <value>SVC_INT_FPES</value>
        </NameValuePair>
        <NameValuePairPassword>
            <name>SharedResources/JMSConnections/Flight_JMSServer-1/Password</name>
            <value>#!Q4ZKlTpeSabdhFEsOzNOz2kjZ3E2GhlALLWVXKympnMP1LAG4Ofb6CkU1E0t5Nk4NftO93qa5NY=</value>
        </NameValuePairPassword>
        <NameValuePair>
            <name>SharedResources/JMSConnections/Flight_JMSServer-1/QueueConnectionFactory</name>
            <value>TstFesIntSSLQueueConnectionFactory</value>
        </NameValuePair>
        <NameValuePair>
            <name>SharedResources/JMSConnections/Flight_JMSServer-1/TopicConnectionFactory</name>
            <value>TstFesIntSSLTopicConnectionFactory</value>
        </NameValuePair>
        <NameValuePair>
            <name>SharedResources/JMSConnections/Flight_JMSServer-1/UserName</name>
            <value>SVC_INT_FPES</value>
        </NameValuePair>
        <NameValuePair>
            <name>SharedResources/JMSConnections/Flight_JMSServer-2/JMSProviderURL</name>
            <value>tcp://jbecllemsi01.jblab.net:7222</value>
        </NameValuePair>
        <NameValuePair>
            <name>SharedResources/JMSConnections/Flight_JMSServer-2/JNDIContextFactory</name>
            <value>com.tibco.tibjms.naming.TibjmsInitialContextFactory</value>
        </NameValuePair>
        <NameValuePair>
            <name>SharedResources/JMSConnections/Flight_JMSServer-2/JNDIContextURL</name>
            <value>tibjmsnaming://jbecllemsi01.jblab.net:7222,tibjmsnaming://jbecllemsi01.jblab.net:7222</value>
        </NameValuePair>
        <NameValuePairPassword>
            <name>SharedResources/JMSConnections/Flight_JMSServer-2/JNDIPassword</name>
            <value>#!Q4ZKlTpeSabdhFEsOzNOz2kjZ3E2GhlALLWVXKympnMP1LAG4Ofb6CkU1E0t5Nk4NftO93qa5NY=</value>
        </NameValuePairPassword>
        <NameValuePair>
            <name>SharedResources/JMSConnections/Flight_JMSServer-2/JNDIUserName</name>
            <value>SVC_INT_FPES</value>
        </NameValuePair>
        <NameValuePairPassword>
            <name>SharedResources/JMSConnections/Flight_JMSServer-2/Password</name>
            <value>#!Q4ZKlTpeSabdhFEsOzNOz2kjZ3E2GhlALLWVXKympnMP1LAG4Ofb6CkU1E0t5Nk4NftO93qa5NY=</value>
        </NameValuePairPassword>
        <NameValuePair>
            <name>SharedResources/JMSConnections/Flight_JMSServer-2/QueueConnectionFactory</name>
            <value>TstFesTrcSSLQueueConnectionFactory</value>
        </NameValuePair>
        <NameValuePair>
            <name>SharedResources/JMSConnections/Flight_JMSServer-2/TopicConnectionFactory</name>
            <value>TstFesTrcSSLTopicConnectionFactory</value>
        </NameValuePair>
        <NameValuePair>
            <name>SharedResources/JMSConnections/Flight_JMSServer-2/UserName</name>
            <value>SVC_INT_FPES</value>
        </NameValuePair>
        <NameValuePair>
            <name>TIBHawkDaemon</name>
            <value>tcp:7474</value>
        </NameValuePair>
        <NameValuePair>
            <name>TIBHawkNetwork</name>
            <value></value>
        </NameValuePair>
        <NameValuePair>
            <name>TIBHawkService</name>
            <value>7474</value>
        </NameValuePair>
    </NVPairs>
    <repoInstances selected="local">
        <httpRepoInstance></httpRepoInstance>
        <rvRepoInstance>
            <discoveryTimout>10</discoveryTimout>
            <regionalSubject></regionalSubject>
            <operationRetry>0</operationRetry>
        </rvRepoInstance>
        <localRepoInstance>
            <encoding>UTF-8</encoding>
        </localRepoInstance>
    </repoInstances>
    <services>
        <bw name="ScheduleLoader.par">
            <enabled>true</enabled>
            <bindings>
                <binding name="Flight-ScheduleLoader">
                    <machine>BWTLM3</machine>
                    <product>
                        <type>BW</type>
                        <version>5.11</version>
                        <location>/opt/tibco/DSEngine/work/jbecllbwi05-1/tibco/bw/5.11</location>
                    </product>
                    <setting>
                        <startOnBoot>false</startOnBoot>
                        <enableVerbose>false</enableVerbose>
                        <maxLogFileSize>20000</maxLogFileSize>
                        <maxLogFileCount>5</maxLogFileCount>
                        <threadCount>8</threadCount>
                        <java>
                            <initHeapSize>256</initHeapSize>
                            <maxHeapSize>512</maxHeapSize>
                            <threadStackSize>256</threadStackSize>
                        </java>
                    </setting>
                    <shutdown>
                        <checkpoint>false</checkpoint>
                        <timeout>0</timeout>
                    </shutdown>
                </binding>
            </bindings>
            <NVPairs name="Adapter SDK Properties">
                <NameValuePair>
                    <name>Trace.Task.*</name>
                    <value>false</value>
                </NameValuePair>
                <NameValuePair>
                    <name>EnableMemorySavingMode</name>
                    <value>true</value>
                </NameValuePair>
                <NameValuePair>
                    <name>bw.engine.enableJobRecovery</name>
                    <value>false</value>
                </NameValuePair>
                <NameValuePair>
                    <name>bw.engine.autoCheckpointRestart</name>
                    <value>false</value>
                </NameValuePair>
                <NameValuePair>
                    <name>bw.engine.jobstats.enable</name>
                    <value>false</value>
                </NameValuePair>
                <NameValuePair>
                    <name>log.file.encoding</name>
                    <value></value>
                </NameValuePair>
                <NameValuePair>
                    <name>bw.engine.emaEnabled</name>
                    <value>false</value>
                </NameValuePair>
                <NameValuePair>
                    <name>bw.container.service</name>
                    <value></value>
                </NameValuePair>
                <NameValuePair>
                    <name>bw.container.service.rmi.port</name>
                    <value>9995</value>
                </NameValuePair>
                <NameValuePair>
                    <name>bw.platform.services.retreiveresources.Enabled</name>
                    <value>false</value>
                </NameValuePair>
                <NameValuePair>
                    <name>bw.platform.services.retreiveresources.Hostname</name>
                    <value>localhost</value>
                </NameValuePair>
                <NameValuePair>
                    <name>bw.platform.services.retreiveresources.Httpport</name>
                    <value>8010</value>
                </NameValuePair>
                <NameValuePair>
                    <name>bw.platform.services.retreiveresources.defaultEncoding</name>
                    <value>ISO8859_1</value>
                </NameValuePair>
                <NameValuePair>
                    <name>bw.platform.services.retreiveresources.enableLookups</name>
                    <value>false</value>
                </NameValuePair>
                <NameValuePair>
                    <name>bw.platform.services.retreiveresources.isSecure</name>
                    <value>false</value>
                </NameValuePair>
                <NameValuePair>
                    <name>bw.platform.services.retreiveresources.identity</name>
                    <value>/Identity_HTTPConnection.id</value>
                </NameValuePair>
                <NameValuePair>
                    <name>bw.log4j.configuration</name>
                    <value></value>
                </NameValuePair>
                <NameValuePair>
                    <name>java.property.iapi.app.id</name>
                    <value>FES</value>
                </NameValuePair>
                <NameValuePair>
                    <name>java.property.iapi.app.name</name>
                    <value>FlightScheduleLoader</value>
                </NameValuePair>
                <NameValuePair>
                    <name>java.property.iapi.app.type</name>
                    <value>bw</value>
                </NameValuePair>
                <NameValuePair>
                    <name>java.property.com.tibco.cep.logger.factory</name>
                    <value>com.jb.monitor.IapiBWLogger</value>
                </NameValuePair>
                <NameValuePair>
                    <name>java.property.iapi.logfile.location</name>
                    <value>/var/log/tibco/flight/iapi-logs</value>
                </NameValuePair>
                <NameValuePair>
                    <name>java.extended.properties</name>
                    <value>-Dlog4j.configuration=file:////opt/tibco/appsconfig/flight/config/log4j.xml</value>
                </NameValuePair>
                <NameValuePair>
                    <name>java.heap.size.initial</name>
                    <value>1024M</value>
                </NameValuePair>
                <NameValuePair>
                    <name>java.heap.size.max</name>
                    <value>1024M</value>
                </NameValuePair>
                <NameValuePair>
                    <name>java.property.com.tibco.tibjms.reconnect.attempts</name>
                    <value>40,10000</value>
                </NameValuePair>
                <NameValuePair>
                    <name>java.property.com.tibco.tibjms.connect.attempts</name>
                    <value>40,10000</value>
                </NameValuePair>
                <NameValuePair>
                    <name>java.property.log4j.debug</name>
                    <value>false</value>
                </NameValuePair>
                <NameValuePair>
                    <name>Jmx.Enabled</name>
                    <value>true</value>
                </NameValuePair>
                <NameValuePair>
                    <name>java.property.com.sun.management.jmxremote</name>
                    <value>true</value>
                </NameValuePair>
                <NameValuePair>
                    <name>java.property.com.sun.management.jmxremote.authenticate</name>
                    <value>false</value>
                </NameValuePair>
                <NameValuePair>
                    <name>java.property.com.sun.management.jmxremote.ssl</name>
                    <value>false</value>
                </NameValuePair>
                <NameValuePair>
                    <name>java.property.com.sun.management.jmxremote.port</name>
                    <value>9018</value>
                </NameValuePair>
                <NameValuePair>
                    <name>java.property.com.sun.management.jmxremote.rmi.port</name>
                    <value>9018</value>
                </NameValuePair>
            </NVPairs>
            <failureCount>0</failureCount>
            <failureInterval>0</failureInterval>
            <bwprocesses>
                <bwprocess name="Startup/ScheduleLoaderStartup.process">
                    <starter>onStartup</starter>
                    <enabled>true</enabled>
                    <maxJob>0</maxJob>
                    <activation>true</activation>
                    <flowLimit>0</flowLimit>
                </bwprocess>
                <bwprocess name="Listeners/FlightScheduleLoadReqReceiver.process">
                    <starter>ScheduleLoadReqReceiver</starter>
                    <enabled>true</enabled>
                    <maxJob>0</maxJob>
                    <activation>true</activation>
                    <flowLimit>0</flowLimit>
                </bwprocess>
                <bwprocess name="Listeners/FetchNewFiles.process">
                    <starter>Timer</starter>
                    <enabled>true</enabled>
                    <maxJob>0</maxJob>
                    <activation>true</activation>
                    <flowLimit>0</flowLimit>
                </bwprocess>
                <bwprocess name="Startup/FetchFilesAtStartup.process">
                    <starter>onStartup</starter>
                    <enabled>true</enabled>
                    <maxJob>0</maxJob>
                    <activation>true</activation>
                    <flowLimit>0</flowLimit>
                </bwprocess>
                <bwprocess name="Listeners/SetMyHealthStatus.process">
                    <starter>onStartup</starter>
                    <enabled>true</enabled>
                    <maxJob>0</maxJob>
                    <activation>true</activation>
                    <flowLimit>0</flowLimit>
                </bwprocess>
            </bwprocesses>
            <isFt>false</isFt>
        </bw>
    </services>
</application>