<?xml version="1.0" encoding="UTF-8"?>

<application xmlns="http://www.tibco.com/xmlns/ApplicationManagement" name="FlightDomain/2.2/BusinessWorks/Flight-CacheAccessService">
    <repoInstanceName>%%DOMAIN%%-Flight-CacheAccessService</repoInstanceName>
    <NVPairs name="Global Variables">
        <NameValuePair>
            <name>AccessServices/jb.configLocation</name>
            <value>/opt/tibco/appsconfig/flight/config/as-node</value>
        </NameValuePair>
        <NameValuePair>
            <name>CacheAccessService/ASConnectionId</name>
            <value>FlightMSConnection</value>
        </NameValuePair>
        <NameValuePair>
            <name>CacheAccessService/FlightServiceProviderId</name>
            <value>DEFAULT_AS_FLIGHT_XML_SERVICE_PROVIDER</value>
        </NameValuePair>
        <NameValuePair>
            <name>CacheAccessService/GLB_EnableDebug</name>
            <value>Y</value>
        </NameValuePair>
        <NameValuePairInteger>
            <name>CacheAccessServiceRouter/GLB_AcknowledgementMode</name>
            <value>1</value>
        </NameValuePairInteger>
        <NameValuePair>
            <name>CacheAccessServiceRouter/GLB_EnableDebug</name>
            <value>Y</value>
        </NameValuePair>
        <NameValuePairInteger>
            <name>CacheAccessServiceRouter/GLB_MaxSessions</name>
            <value>10</value>
        </NameValuePairInteger>
        <NameValuePair>
            <name>CacheAccessServiceRouter/PTY_APIXCacheListener-1.0</name>
            <value>APP.FES.CACHEACCESS.REQUEST.1</value>
        </NameValuePair>
        <NameValuePair>
            <name>CacheAccessServiceRouter/PTY_APIXCacheListener-2.0</name>
            <value>APP.FES.CACHEACCESS.REQUEST.2</value>
        </NameValuePair>
        <NameValuePair>
            <name>DirLedger</name>
            <value>.</value>
        </NameValuePair>
        <NameValuePair>
            <name>DirTrace</name>
            <value>.</value>
        </NameValuePair>
        <NameValuePair>
            <name>HawkEnabled</name>
            <value>false</value>
        </NameValuePair>
        <NameValuePair>
            <name>JmsProviderUrl</name>
            <value>tcp://localhost:7222</value>
        </NameValuePair>
        <NameValuePair>
            <name>JmsSslProviderUrl</name>
            <value>ssl://localhost:7243</value>
        </NameValuePair>
        <NameValuePair>
            <name>RemoteRvDaemon</name>
            <value></value>
        </NameValuePair>
        <NameValuePair>
            <name>RvDaemon</name>
            <value>tcp:7500</value>
        </NameValuePair>
        <NameValuePair>
            <name>RvNetwork</name>
            <value></value>
        </NameValuePair>
        <NameValuePair>
            <name>RvService</name>
            <value>7500</value>
        </NameValuePair>
        <NameValuePair>
            <name>RvaHost</name>
            <value>localhost</value>
        </NameValuePair>
        <NameValuePair>
            <name>RvaPort</name>
            <value>7600</value>
        </NameValuePair>
        <NameValuePair>
            <name>SharedResources/JMS/GLB_Auto-generateClientID</name>
            <value>true</value>
        </NameValuePair>
        <NameValuePair>
            <name>SharedResources/JMS/GLB_DeliveryMode</name>
            <value>RELIABLE_DELIVERY</value>
        </NameValuePair>
        <NameValuePair>
            <name>SharedResources/JMS/GLB_JMSExpiration</name>
            <value>0</value>
        </NameValuePair>
        <NameValuePair>
            <name>SharedResources/JMS/GLB_JNDIContextFactory</name>
            <value>com.tibco.tibjms.naming.TibjmsInitialContextFactory</value>
        </NameValuePair>
        <NameValuePair>
            <name>SharedResources/JMS/GLB_Priority</name>
            <value>4</value>
        </NameValuePair>
        <NameValuePair>
            <name>SharedResources/JMS/MIG_JNDIContextURL</name>
            <value>tibjmsnaming://jbecllemsi01.jblab.net:7222</value>
        </NameValuePair>
        <NameValuePairPassword>
            <name>SharedResources/JMS/MIG_JNDIPassword</name>
            <value>#!dYNf3QoM9QTfX8Wxsdes/fYHhFx2IcjV3Q0gwrxEMmKFHm+ZHyi2HK/WQ32+GxDXO4gJT6IVoC8=</value>
        </NameValuePairPassword>
        <NameValuePair>
            <name>SharedResources/JMS/MIG_JNDIUser</name>
            <value>SVC_INT_FPES</value>
        </NameValuePair>
        <NameValuePairPassword>
            <name>SharedResources/JMS/MIG_Password</name>
            <value>#!dYNf3QoM9QTfX8Wxsdes/fYHhFx2IcjV3Q0gwrxEMmKFHm+ZHyi2HK/WQ32+GxDXO4gJT6IVoC8=</value>
        </NameValuePairPassword>
        <NameValuePair>
            <name>SharedResources/JMS/MIG_User</name>
            <value>SVC_INT_FPES</value>
        </NameValuePair>
        <NameValuePair>
            <name>SharedResources/JMS/PTY_QueueConnectionFactory</name>
            <value>TstFesIntSSLQueueConnectionFactory</value>
        </NameValuePair>
        <NameValuePair>
            <name>SharedResources/JMS/PTY_TopicConnectionFactory</name>
            <value>TstFesIntSSLTopicConnectionFactory</value>
        </NameValuePair>
        <NameValuePair>
            <name>TIBHawkDaemon</name>
            <value>tcp:7494</value>
        </NameValuePair>
        <NameValuePair>
            <name>TIBHawkNetwork</name>
            <value></value>
        </NameValuePair>
        <NameValuePair>
            <name>TIBHawkService</name>
            <value>7494</value>
        </NameValuePair>
        <NameValuePairBoolean>
            <name>AccessServices/Compressed</name>
            <value>true</value>
        </NameValuePairBoolean>
        <NameValuePair>
            <name>AccessServices/Key</name>
            <value>transactionid</value>
        </NameValuePair>
        <NameValuePair>
            <name>AccessServices/NoTrackerID</name>
            <value>undefined</value>
        </NameValuePair>
        <NameValuePairInteger>
            <name>CacheAccessService/DateRange/GLB_InputDateTimeThresholdInHrs</name>
            <value>48</value>
        </NameValuePairInteger>
        <NameValuePairInteger>
            <name>CacheAccessService/DateRange/GLB_MaxTimeSpanInInputInHrs</name>
            <value>36</value>
        </NameValuePairInteger>
        <NameValuePair>
            <name>ExceptionDetails/PTY_Exception_Code</name>
            <value>FES-CAS-000</value>
        </NameValuePair>
        <NameValuePair>
            <name>ExceptionDetails/PTY_Exception_Desc</name>
            <value>Internal System Error</value>
        </NameValuePair>
        <NameValuePair>
            <name>ExceptionDetails/PTY_InputDataInvalidCode</name>
            <value>FES-CAS-001</value>
        </NameValuePair>
        <NameValuePair>
            <name>ExceptionDetails/PTY_InputDataInvalidDesc</name>
            <value>Input Data Invalid</value>
        </NameValuePair>
        <NameValuePair>
            <name>ExceptionDetails/PTY_NoFlightsFoundCode</name>
            <value>Cache:Access00002</value>
        </NameValuePair>
        <NameValuePair>
            <name>ExceptionDetails/PTY_NoFlightsFoundDesc</name>
            <value>NO FLIGHTS FOUND</value>
        </NameValuePair>
        <NameValuePair>
            <name>ExceptionDetails/PTY_UnsuccessfulValidationCode</name>
            <value>FES-CAS-002</value>
        </NameValuePair>
    </NVPairs>
    <repoInstances selected="local">
        <httpRepoInstance></httpRepoInstance>
        <rvRepoInstance>
            <discoveryTimout>10</discoveryTimout>
            <regionalSubject></regionalSubject>
            <operationRetry>0</operationRetry>
        </rvRepoInstance>
        <localRepoInstance>
            <encoding>UTF-8</encoding>
        </localRepoInstance>
    </repoInstances>
    <services>
        <bw name="Flight-CacheAccessProcessArchive.par">
            <enabled>true</enabled>
            <bindings>
                <binding name="Flight-CacheAccessProcessArchive-1">
                    <machine>BWTLM3</machine>
                    <product>
                        <type>BW</type>
                        <version>5.11</version>
                        <location>/opt/tibco/DSEngine/work/jbecllbwi05-1/tibco/bw/5.11</location>
                    </product>
                    <setting>
                        <startOnBoot>false</startOnBoot>
                        <enableVerbose>false</enableVerbose>
                        <maxLogFileSize>20000</maxLogFileSize>
                        <maxLogFileCount>5</maxLogFileCount>
                        <threadCount>8</threadCount>
                        <java>
                            <initHeapSize>1536</initHeapSize>
                            <maxHeapSize>1536</maxHeapSize>
                            <threadStackSize>256</threadStackSize>
                        </java>
                    </setting>
                    <shutdown>
                        <checkpoint>false</checkpoint>
                        <timeout>0</timeout>
                    </shutdown>
                </binding>
            </bindings>
            <NVPairs name="Adapter SDK Properties">
                <NameValuePair>
                    <name>Trace.Task.*</name>
                    <value>false</value>
                </NameValuePair>
                <NameValuePair>
                    <name>bw.engine.enableJobRecovery</name>
                    <value>false</value>
                </NameValuePair>
                <NameValuePair>
                    <name>bw.engine.jobstats.enable</name>
                    <value>false</value>
                </NameValuePair>
                <NameValuePair>
                    <name>log.file.encoding</name>
                    <value></value>
                </NameValuePair>
                <NameValuePair>
                    <name>bw.engine.emaEnabled</name>
                    <value>false</value>
                </NameValuePair>
                <NameValuePair>
                    <name>bw.container.service</name>
                    <value></value>
                </NameValuePair>
                <NameValuePair>
                    <name>bw.container.service.rmi.port</name>
                    <value>9995</value>
                </NameValuePair>
                <NameValuePair>
                    <name>bw.platform.services.retreiveresources.Enabled</name>
                    <value>false</value>
                </NameValuePair>
                <NameValuePair>
                    <name>bw.platform.services.retreiveresources.Hostname</name>
                    <value>localhost</value>
                </NameValuePair>
                <NameValuePair>
                    <name>bw.platform.services.retreiveresources.Httpport</name>
                    <value>8010</value>
                </NameValuePair>
                <NameValuePair>
                    <name>bw.platform.services.retreiveresources.defaultEncoding</name>
                    <value>ISO8859_1</value>
                </NameValuePair>
                <NameValuePair>
                    <name>bw.platform.services.retreiveresources.enableLookups</name>
                    <value>false</value>
                </NameValuePair>
                <NameValuePair>
                    <name>bw.platform.services.retreiveresources.isSecure</name>
                    <value>false</value>
                </NameValuePair>
                <NameValuePair>
                    <name>bw.platform.services.retreiveresources.identity</name>
                    <value>/Identity_HTTPConnection.id</value>
                </NameValuePair>
                <NameValuePair>
                    <name>bw.log4j.configuration</name>
                    <value></value>
                </NameValuePair>
                <NameValuePair>
                    <name>java.property.iapi.app.id</name>
                    <value>FES</value>
                </NameValuePair>
                <NameValuePair>
                    <name>java.property.iapi.app.type</name>
                    <value>bw</value>
                </NameValuePair>
                <NameValuePair>
                    <name>java.property.com.tibco.cep.logger.factory</name>
                    <value>com.jb.monitor.IapiBWLogger</value>
                </NameValuePair>
                <NameValuePair>
                    <name>java.property.iapi.logfile.location</name>
                    <value>/var/log/tibco/flight/iapi-logs</value>
                </NameValuePair>
                <NameValuePair>
                    <name>java.extended.properties</name>
                    <value>-Dlog4j.configuration=file:////opt/tibco/appsconfig/flight/config/log4j.xml</value>
                </NameValuePair>
                <NameValuePair>
                    <name>Jmx.Enabled</name>
                    <value>true</value>
                </NameValuePair>
                <NameValuePair>
                    <name>java.property.com.sun.management.jmxremote</name>
                    <value>true</value>
                </NameValuePair>
                <NameValuePair>
                    <name>java.property.com.sun.management.jmxremote.authenticate</name>
                    <value>false</value>
                </NameValuePair>
                <NameValuePair>
                    <name>java.property.com.sun.management.jmxremote.ssl</name>
                    <value>false</value>
                </NameValuePair>
                <NameValuePair>
                    <name>EnableMemorySavingMode</name>
                    <value>true</value>
                </NameValuePair>
                <NameValuePair>
                    <name>bw.engine.autoCheckpointRestart</name>
                    <value>true</value>
                </NameValuePair>
                <NameValuePair>
                    <name>java.property.iapi.app.name</name>
                    <value>FlightCacheAccessService</value>
                </NameValuePair>
                <NameValuePair>
                    <name>java.property.com.sun.management.jmxremote.port</name>
                    <value>9108</value>
                </NameValuePair>
                <NameValuePair>
                    <name>java.property.com.sun.management.jmxremote.rmi.port</name>
                    <value>9108</value>
                </NameValuePair>
            </NVPairs>
            <failureCount>0</failureCount>
            <failureInterval>0</failureInterval>
            <bwprocesses>
                <bwprocess name="CacheAccessService/Startup/InitCAS.process">
                    <starter>onStartup</starter>
                    <enabled>true</enabled>
                    <maxJob>0</maxJob>
                    <activation>true</activation>
                    <flowLimit>0</flowLimit>
                </bwprocess>
                <bwprocess name="CacheAccessService/Listeners/CacheAccessRouterListener-1.0.process">
                    <starter>ReceiveCacheAccessRequest</starter>
                    <enabled>true</enabled>
                    <maxJob>0</maxJob>
                    <activation>true</activation>
                    <flowLimit>0</flowLimit>
                </bwprocess>
                <bwprocess name="CacheAccessService/Listeners/CacheAccessRouterListener-2.0.process">
                    <starter>ReceiveCacheAccessRequest</starter>
                    <enabled>true</enabled>
                    <maxJob>0</maxJob>
                    <activation>true</activation>
                    <flowLimit>0</flowLimit>
                </bwprocess>
            </bwprocesses>
            <checkpoints selected="Local File">
                <checkpoint>Local File</checkpoint>
                <checkpoint>/SharedResources/Connections/JDBC/FlightODSConnection</checkpoint>
                <tablePrefix>Flight_Cac_73561940</tablePrefix>
            </checkpoints>
            <isFt>false</isFt>
        </bw>
    </services>
</application>