<?xml version="1.0" encoding="UTF-8"?>

<application xmlns="http://www.tibco.com/xmlns/ApplicationManagement" name="FlightDomain/2.2/BusinessWorks/Flight-ODSAccessService">
    <repoInstanceName>%%DOMAIN%%-Flight-ODSAccessService</repoInstanceName>
    <NVPairs name="Global Variables">
        <NameValuePair>
            <name>DirLedger</name>
            <value>.</value>
        </NameValuePair>
        <NameValuePair>
            <name>DirTrace</name>
            <value>.</value>
        </NameValuePair>
        <NameValuePair>
            <name>ExceptionDetails/PTY_Exception_Code</name>
            <value>MSG-000</value>
        </NameValuePair>
        <NameValuePair>
            <name>ExceptionDetails/PTY_Exception_Desc</name>
            <value>Internal System Error</value>
        </NameValuePair>
        <NameValuePair>
            <name>HawkEnabled</name>
            <value>false</value>
        </NameValuePair>
        <NameValuePair>
            <name>JmsProviderUrl</name>
            <value>tcp://localhost:7222</value>
        </NameValuePair>
        <NameValuePair>
            <name>JmsSslProviderUrl</name>
            <value>ssl://localhost:7243</value>
        </NameValuePair>
        <NameValuePair>
            <name>ODSAccessService/GLB_SchemaName</name>
            <value>scmFlightODS</value>
        </NameValuePair>
        <NameValuePair>
            <name>ODSAccessService/GLB_StoredProcedure</name>
            <value>SP_ODSAccessService;1</value>
        </NameValuePair>
        <NameValuePair>
            <name>ODSAccessService/GLB_SubsetSize</name>
            <value>1000</value>
        </NameValuePair>
        <NameValuePair>
            <name>ODSAccessService/RequestType/GLB_Arrival</name>
            <value>arrival</value>
        </NameValuePair>
        <NameValuePair>
            <name>ODSAccessService/RequestType/GLB_Departure</name>
            <value>departure</value>
        </NameValuePair>
        <NameValuePair>
            <name>ODSAccessService/RequestType/GLB_FlightByFlightNumberAndDate</name>
            <value>GetFlightByFlightNumberAndDate</value>
        </NameValuePair>
        <NameValuePair>
            <name>ODSAccessService/RequestType/GLB_FlightsByArrivalStation</name>
            <value>GetFlightsByArrivalStation</value>
        </NameValuePair>
        <NameValuePair>
            <name>ODSAccessService/RequestType/GLB_FlightsByDepartureStation</name>
            <value>GetFlightsByDepartureStation</value>
        </NameValuePair>
        <NameValuePair>
            <name>ODSAccessService/RequestType/GLB_FlightsByStatusStationAndDate</name>
            <value>GetFlightsByStatusStationAndDate</value>
        </NameValuePair>
        <NameValuePair>
            <name>ODSAccessService/RequestType/GLB_InvalidRequest</name>
            <value>InvalidRequest</value>
        </NameValuePair>
        <NameValuePair>
            <name>ODSAccessService/RequestType/GLB_Number</name>
            <value>number</value>
        </NameValuePair>
        <NameValuePair>
            <name>ODSAccessService/RequestType/GLB_Status</name>
            <value>status</value>
        </NameValuePair>
        <NameValuePairInteger>
            <name>ODSAccessServiceRouter/GLB_AcknowledgementMode</name>
            <value>1</value>
        </NameValuePairInteger>
        <NameValuePair>
            <name>ODSAccessServiceRouter/GLB_EnableDebug</name>
            <value>Y</value>
        </NameValuePair>
        <NameValuePairInteger>
            <name>ODSAccessServiceRouter/GLB_MaxSession</name>
            <value>10</value>
        </NameValuePairInteger>
        <NameValuePair>
            <name>ODSAccessServiceRouter/PTY_APIXODSListener-1.0</name>
            <value>APP.FES.ODSACCESS.REQUEST.1</value>
        </NameValuePair>
        <NameValuePair>
            <name>ODSAccessServiceRouter/PTY_APIXODSListener-2.0</name>
            <value>APP.FES.ODSACCESS.REQUEST.2</value>
        </NameValuePair>
        <NameValuePair>
            <name>RemoteRvDaemon</name>
            <value></value>
        </NameValuePair>
        <NameValuePair>
            <name>RvDaemon</name>
            <value>tcp:7500</value>
        </NameValuePair>
        <NameValuePair>
            <name>RvNetwork</name>
            <value></value>
        </NameValuePair>
        <NameValuePair>
            <name>RvService</name>
            <value>7500</value>
        </NameValuePair>
        <NameValuePair>
            <name>RvaHost</name>
            <value>localhost</value>
        </NameValuePair>
        <NameValuePair>
            <name>RvaPort</name>
            <value>7600</value>
        </NameValuePair>
        <NameValuePair>
            <name>SharedResources/JDBC/GLB_JDBCDriver</name>
            <value>com.microsoft.sqlserver.jdbc.SQLServerDriver</value>
        </NameValuePair>
        <NameValuePair>
            <name>SharedResources/JDBC/GLB_LoginTimeoutInSec</name>
            <value>10</value>
        </NameValuePair>
        <NameValuePair>
            <name>SharedResources/JDBC/GLB_MaxConnections</name>
            <value>10</value>
        </NameValuePair>
        <NameValuePair>
            <name>SharedResources/JDBC/GLB_MaxRows</name>
            <value>2000</value>
        </NameValuePair>
        <NameValuePair>
            <name>SharedResources/JDBC/MIG_DatabaseURL</name>
            <value>jdbc:sqlserver://10.156.74.48;databaseName=ODSFlightIntR2;SendStringParametersAsUnicode=false</value>
        </NameValuePair>
        <NameValuePairPassword>
            <name>SharedResources/JDBC/MIG_Password</name>
            <value>#!DCIkiHLtR6Z5vKEKnj7/tIaAgwT48+wYA+R3UIjF9TmUhP7Qvni7XQ==</value>
        </NameValuePairPassword>
        <NameValuePair>
            <name>SharedResources/JDBC/MIG_UserName</name>
            <value>svc_INT_FPESODSLoader</value>
        </NameValuePair>
        <NameValuePair>
            <name>SharedResources/JMS/GLB_Auto-generateClientID</name>
            <value>true</value>
        </NameValuePair>
        <NameValuePair>
            <name>SharedResources/JMS/GLB_DeliveryMode</name>
            <value>NON_PERSISTENT</value>
        </NameValuePair>
        <NameValuePair>
            <name>SharedResources/JMS/GLB_JMSExpiration</name>
            <value>0</value>
        </NameValuePair>
        <NameValuePair>
            <name>SharedResources/JMS/GLB_JNDIContextFactory</name>
            <value>com.tibco.tibjms.naming.TibjmsInitialContextFactory</value>
        </NameValuePair>
        <NameValuePair>
            <name>SharedResources/JMS/GLB_Priority</name>
            <value>4</value>
        </NameValuePair>
        <NameValuePair>
            <name>SharedResources/JMS/MIG_JNDIContextURL</name>
            <value>tibjmsnaming://jbecllemsi01.jblab.net:7222</value>
        </NameValuePair>
        <NameValuePairPassword>
            <name>SharedResources/JMS/MIG_JNDIPassword</name>
            <value>#!Q4ZKlTpeSabdhFEsOzNOz2kjZ3E2GhlALLWVXKympnMP1LAG4Ofb6CkU1E0t5Nk4NftO93qa5NY=</value>
        </NameValuePairPassword>
        <NameValuePair>
            <name>SharedResources/JMS/MIG_JNDIUser</name>
            <value>SVC_INT_FPES</value>
        </NameValuePair>
        <NameValuePairPassword>
            <name>SharedResources/JMS/MIG_Password</name>
            <value>#!Q4ZKlTpeSabdhFEsOzNOz2kjZ3E2GhlALLWVXKympnMP1LAG4Ofb6CkU1E0t5Nk4NftO93qa5NY=</value>
        </NameValuePairPassword>
        <NameValuePair>
            <name>SharedResources/JMS/MIG_User</name>
            <value>SVC_INT_FPES</value>
        </NameValuePair>
        <NameValuePair>
            <name>SharedResources/JMS/PTY_QueueConnectionFactory</name>
            <value>TstFesIntSSLQueueConnectionFactory</value>
        </NameValuePair>
        <NameValuePair>
            <name>SharedResources/JMS/PTY_TopicConnectionFactory</name>
            <value>TstFesIntSSLTopicConnectionFactory</value>
        </NameValuePair>
        <NameValuePair>
            <name>TIBHawkDaemon</name>
            <value>tcp:7494</value>
        </NameValuePair>
        <NameValuePair>
            <name>TIBHawkNetwork</name>
            <value></value>
        </NameValuePair>
        <NameValuePair>
            <name>TIBHawkService</name>
            <value>7494</value>
        </NameValuePair>
    </NVPairs>
    <repoInstances selected="local">
        <httpRepoInstance></httpRepoInstance>
        <rvRepoInstance>
            <discoveryTimout>10</discoveryTimout>
            <regionalSubject></regionalSubject>
            <operationRetry>0</operationRetry>
        </rvRepoInstance>
        <localRepoInstance>
            <encoding>UTF-8</encoding>
        </localRepoInstance>
    </repoInstances>
    <services>
        <bw name="Flight-ODSAccessProcessArchive.par">
            <enabled>true</enabled>
            <bindings>
                <binding name="Flight-ODSAccessProcessArchive">
                    <machine>BWTLM3</machine>
                    <product>
                        <type>BW</type>
                        <version>5.11</version>
                        <location>/opt/tibco/DSEngine/work/jbccllbwt903-0/tibco/bw/5.11</location>
                    </product>
                    <setting>
                        <startOnBoot>false</startOnBoot>
                        <enableVerbose>false</enableVerbose>
                        <maxLogFileSize>20000</maxLogFileSize>
                        <maxLogFileCount>5</maxLogFileCount>
                        <threadCount>8</threadCount>
                        <java>
                            <initHeapSize>1536</initHeapSize>
                            <maxHeapSize>1536</maxHeapSize>
                            <threadStackSize>256</threadStackSize>
                        </java>
                    </setting>
                    <shutdown>
                        <checkpoint>false</checkpoint>
                        <timeout>0</timeout>
                    </shutdown>
                </binding>
            </bindings>
            <NVPairs name="Adapter SDK Properties">
                <NameValuePair>
                    <name>Trace.Task.*</name>
                    <value>false</value>
                </NameValuePair>
                <NameValuePair>
                    <name>EnableMemorySavingMode</name>
                    <value>true</value>
                </NameValuePair>
                <NameValuePair>
                    <name>bw.engine.enableJobRecovery</name>
                    <value>false</value>
                </NameValuePair>
                <NameValuePair>
                    <name>bw.engine.autoCheckpointRestart</name>
                    <value>false</value>
                </NameValuePair>
                <NameValuePair>
                    <name>bw.engine.jobstats.enable</name>
                    <value>false</value>
                </NameValuePair>
                <NameValuePair>
                    <name>log.file.encoding</name>
                    <value></value>
                </NameValuePair>
                <NameValuePair>
                    <name>bw.engine.emaEnabled</name>
                    <value>false</value>
                </NameValuePair>
                <NameValuePair>
                    <name>bw.container.service</name>
                    <value></value>
                </NameValuePair>
                <NameValuePair>
                    <name>bw.container.service.rmi.port</name>
                    <value>9995</value>
                </NameValuePair>
                <NameValuePair>
                    <name>bw.platform.services.retreiveresources.Enabled</name>
                    <value>false</value>
                </NameValuePair>
                <NameValuePair>
                    <name>bw.platform.services.retreiveresources.Hostname</name>
                    <value>localhost</value>
                </NameValuePair>
                <NameValuePair>
                    <name>bw.platform.services.retreiveresources.Httpport</name>
                    <value>8010</value>
                </NameValuePair>
                <NameValuePair>
                    <name>bw.platform.services.retreiveresources.defaultEncoding</name>
                    <value>ISO8859_1</value>
                </NameValuePair>
                <NameValuePair>
                    <name>bw.platform.services.retreiveresources.enableLookups</name>
                    <value>false</value>
                </NameValuePair>
                <NameValuePair>
                    <name>bw.platform.services.retreiveresources.isSecure</name>
                    <value>false</value>
                </NameValuePair>
                <NameValuePair>
                    <name>bw.platform.services.retreiveresources.identity</name>
                    <value>/Identity_HTTPConnection.id</value>
                </NameValuePair>
                <NameValuePair>
                    <name>bw.log4j.configuration</name>
                    <value></value>
                </NameValuePair>
                <NameValuePair>
                    <name>java.property.iapi.app.id</name>
                    <value>FES</value>
                </NameValuePair>
                <NameValuePair>
                    <name>java.property.iapi.app.name</name>
                    <value>Flight-ODSAccessService</value>
                </NameValuePair>
                <NameValuePair>
                    <name>java.property.iapi.app.type</name>
                    <value>bw</value>
                </NameValuePair>
                <NameValuePair>
                    <name>java.property.com.tibco.cep.logger.factory</name>
                    <value>com.jb.monitor.IapiBWLogger</value>
                </NameValuePair>
                <NameValuePair>
                    <name>java.property.iapi.logfile.location</name>
                    <value>/var/log/tibco/flight/iapi-logs</value>
                </NameValuePair>
                <NameValuePair>
                    <name>java.property.pdfgen.baseURL</name>
                    <value>file:////home/tibdev/aci/bp-conf</value>
                </NameValuePair>
                <NameValuePair>
                    <name>java.heap.size.initial</name>
                    <value>1536M</value>
                </NameValuePair>
                <NameValuePair>
                    <name>java.heap.size.max</name>
                    <value>1536M</value>
                </NameValuePair>
                <NameValuePair>
                    <name>java.property.com.tibco.tibjms.reconnect.attempts</name>
                    <value>40,10000</value>
                </NameValuePair>
                <NameValuePair>
                    <name>java.property.com.tibco.tibjms.connect.attempts</name>
                    <value>40,10000</value>
                </NameValuePair>
                <NameValuePair>
                    <name>java.extended.properties</name>
                    <value>-Dlog4j.configuration=file:////opt/tibco/appsconfig/flight/config/log4j.xml</value>
                </NameValuePair>
                <NameValuePair>
                    <name>java.property.log4j.debug</name>
                    <value>false</value>
                </NameValuePair>
                <NameValuePair>
                    <name>Jmx.Enabled</name>
                    <value>true</value>
                </NameValuePair>
                <NameValuePair>
                    <name>java.property.com.sun.management.jmxremote</name>
                    <value>true</value>
                </NameValuePair>
                <NameValuePair>
                    <name>java.property.com.sun.management.jmxremote.port</name>
                    <value>9109</value>
                </NameValuePair>
                <NameValuePair>
                    <name>java.property.com.sun.management.jmxremote.rmi.port</name>
                    <value>9109</value>
                </NameValuePair>
                <NameValuePair>
                    <name>java.property.com.sun.management.jmxremote.authenticate</name>
                    <value>false</value>
                </NameValuePair>
                <NameValuePair>
                    <name>java.property.com.sun.management.jmxremote.ssl</name>
                    <value>false</value>
                </NameValuePair>
            </NVPairs>
            <failureCount>0</failureCount>
            <failureInterval>0</failureInterval>
            <bwprocesses>
                <bwprocess name="ODSAccessService/StarterProcess/SetMyHealthStatus.process">
                    <starter>onStartup</starter>
                    <enabled>true</enabled>
                    <maxJob>15</maxJob>
                    <activation>true</activation>
                    <flowLimit>30</flowLimit>
                </bwprocess>
                <bwprocess name="ODSAccessService/Listeners/ODSAccessRouterListener-1.0.process">
                    <starter>ReceiveODSAccessRequest</starter>
                    <enabled>true</enabled>
                    <maxJob>15</maxJob>
                    <activation>true</activation>
                    <flowLimit>30</flowLimit>
                </bwprocess>
                <bwprocess name="ODSAccessService/Listeners/ODSAccessRouterListener-2.0.process">
                    <starter>ReceiveODSAccessRequest</starter>
                    <enabled>true</enabled>
                    <maxJob>15</maxJob>
                    <activation>true</activation>
                    <flowLimit>30</flowLimit>
                </bwprocess>
            </bwprocesses>
            <checkpoints selected="Local File">
                <checkpoint>Local File</checkpoint>
                <checkpoint>/SharedResources/Connections/JDBC/FlightODSConnection</checkpoint>
                <tablePrefix>Flight_ODS_16031005</tablePrefix>
            </checkpoints>
            <isFt>false</isFt>
        </bw>
    </services>
</application>