<?xml version="1.0" encoding="UTF-8"?>

<application xmlns="http://www.tibco.com/xmlns/ApplicationManagement" name="FlightDomain/BusinessWorks/Flight-BlueEyeMessageTransferManager">
    <repoInstanceName>%%DOMAIN%%-Flight-BlueEyeMessageTransferManager</repoInstanceName>
    <NVPairs name="Global Variables">
        <NameValuePairInteger>
            <name>BlueEyeMessageHandler/GLB_RetryOnExceptionInMillis</name>
            <value>30000</value>
        </NameValuePairInteger>
        <NameValuePair>
            <name>BlueEyeMessageHandler/JMSConnection-1/GLB_Delivery_Mode</name>
            <value>PERSISTENT</value>
        </NameValuePair>
        <NameValuePair>
            <name>BlueEyeMessageHandler/JMSConnection-1/GLB_Message_Priority</name>
            <value>4</value>
        </NameValuePair>
        <NameValuePair>
            <name>BlueEyeMessageHandler/JMSConnection-1/MIG_JMSJNDIContextURL</name>
            <value>tcp://jbecllemsi01.jblab.net:7222,tcp://jbecllemsi01.jblab.net:7222</value>
        </NameValuePair>
        <NameValuePairPassword>
            <name>BlueEyeMessageHandler/JMSConnection-1/MIG_JMSJNDIPassword</name>
            <value>#!dYNf3QoM9QTfX8Wxsdes/fYHhFx2IcjV3Q0gwrxEMmKFHm+ZHyi2HK/WQ32+GxDXO4gJT6IVoC8=</value>
        </NameValuePairPassword>
        <NameValuePair>
            <name>BlueEyeMessageHandler/JMSConnection-1/MIG_JMSJNDIUserName</name>
            <value>SVC_INT_FPES</value>
        </NameValuePair>
        <NameValuePair>
            <name>BlueEyeMessageHandler/JMSConnection-1/QueueConnectionFactory</name>
            <value>TstFesEntSSLQueueConnectionFactory</value>
        </NameValuePair>
        <NameValuePair>
            <name>BlueEyeMessageHandler/JMSConnection-1/TopicConnectionFactory</name>
            <value>TstFesEntSSLTopicConnectionFactory</value>
        </NameValuePair>
        <NameValuePair>
            <name>BlueEyeMessageHandler/JMSConnection/GLB_Delivery_Mode</name>
            <value>PERSISTENT</value>
        </NameValuePair>
        <NameValuePair>
            <name>BlueEyeMessageHandler/JMSConnection/GLB_Message_Priority</name>
            <value>4</value>
        </NameValuePair>
        <NameValuePair>
            <name>BlueEyeMessageHandler/JMSConnection/MIG_JMSJNDIContextURL</name>
            <value>tcp://jbecllemsi01.jblab.net:7222,tcp://jbecllemsi01.jblab.net:7222</value>
        </NameValuePair>
        <NameValuePairPassword>
            <name>BlueEyeMessageHandler/JMSConnection/MIG_JMSJNDIPassword</name>
            <value>#!dYNf3QoM9QTfX8Wxsdes/fYHhFx2IcjV3Q0gwrxEMmKFHm+ZHyi2HK/WQ32+GxDXO4gJT6IVoC8=</value>
        </NameValuePairPassword>
        <NameValuePair>
            <name>BlueEyeMessageHandler/JMSConnection/MIG_JMSJNDIUserName</name>
            <value>SVC_INT_FPES</value>
        </NameValuePair>
        <NameValuePair>
            <name>BlueEyeMessageHandler/JMSConnection/QueueConnectionFactory</name>
            <value>TstFesIntSSLQueueConnectionFactory</value>
        </NameValuePair>
        <NameValuePair>
            <name>BlueEyeMessageHandler/JMSConnection/TopicConnectionFactory</name>
            <value>TstFesIntSSLTopicConnectionFactory</value>
        </NameValuePair>
        <NameValuePair>
            <name>BlueEyeMessageHandler/MQConnection/GLB_Ack_Mode</name>
            <value>2</value>
        </NameValuePair>
        <NameValuePair>
            <name>BlueEyeMessageHandler/MQConnection/GLB_Max_Sessions</name>
            <value>10</value>
        </NameValuePair>
        <NameValuePair>
            <name>BlueEyeMessageHandler/MQConnection/MIG_MQJNDIContextURL</name>
            <value>file:////opt/tibco/appsconfig/flight/mqbindings/BlueEye</value>
        </NameValuePair>
        <NameValuePairPassword>
            <name>BlueEyeMessageHandler/MQConnection/MIG_MQJNDIPassword</name>
            <value>#!FSHgE2/gpBk8B9z9BvzTRZFgS9LRcjyzt4yyfTfEV/rsDw/iAxd7mw==</value>
        </NameValuePairPassword>
        <NameValuePair>
            <name>BlueEyeMessageHandler/MQConnection/MIG_MQJNDIUserName</name>
            <value>app_dev_generic</value>
        </NameValuePair>
        <NameValuePair>
            <name>BlueEyeMessageHandler/MQConnection/MQ_QueueConnectionFactory</name>
            <value>DevBlueEyeConnfactory</value>
        </NameValuePair>
        <NameValuePair>
            <name>BlueEyeMessageHandler/MQConnection/MQ_TopicConnectionFactory</name>
            <value>DevBlueEyeConnTopicFactory</value>
        </NameValuePair>
        <NameValuePair>
            <name>BlueEyeMessageHandler/PTY_BaggageMessageInputQueue</name>
            <value>BAGCLAIM.B6.FPES.INT</value>
        </NameValuePair>
        <NameValuePair>
            <name>BlueEyeMessageHandler/PTY_BaggageMessageOutputQueue</name>
            <value>APP.FES.BLUEYE.BAGGAGE.SYNC.1</value>
        </NameValuePair>
        <NameValuePair>
            <name>BlueEyeMessageHandler/PTY_BoardingMessageInputQueue</name>
            <value>BOARDINGSTATUS.B6.FPES.INT</value>
        </NameValuePair>
        <NameValuePair>
            <name>BlueEyeMessageHandler/PTY_BoardingMessageOutputQueue</name>
            <value>APP.FES.BLUEYE.BOARDING.SYNC.1</value>
        </NameValuePair>
        <NameValuePair>
            <name>BlueEyeMessageHandler/PTY_DelayMessageInputQueue</name>
            <value>DELAYCOMMENT.B6.FPES.INT</value>
        </NameValuePair>
        <NameValuePair>
            <name>BlueEyeMessageHandler/PTY_DelayMessageOutputQueue</name>
            <value>APP.FES.BLUEYE.DELAYCOMMENT.SYNC.1</value>
        </NameValuePair>
        <NameValuePairBoolean>
            <name>BlueEyeMessageHandler/PTY_EnableSecondarySender</name>
            <value>false</value>
        </NameValuePairBoolean>
        <NameValuePair>
            <name>BlueEyeMessageHandler/PTY_SecondaryBaggageMessageOutputQueue</name>
            <value>APP.FES.BLUEYE.BAGGAGE.SYNC.1</value>
        </NameValuePair>
        <NameValuePair>
            <name>BlueEyeMessageHandler/PTY_SecondaryBoardingMessageOutputQueue</name>
            <value>APP.FES.BLUEYE.BOARDING.SYNC.1</value>
        </NameValuePair>
        <NameValuePair>
            <name>BlueEyeMessageHandler/PTY_SecondaryDelayMessageOutputQueue</name>
            <value>APP.FES.BLUEYE.DELAYCOMMENT.SYNC.1</value>
        </NameValuePair>
        <NameValuePair>
            <name>DirLedger</name>
            <value>.</value>
        </NameValuePair>
        <NameValuePair>
            <name>DirTrace</name>
            <value>.</value>
        </NameValuePair>
        <NameValuePair>
            <name>HawkEnabled</name>
            <value>false</value>
        </NameValuePair>
        <NameValuePair>
            <name>JmsProviderUrl</name>
            <value>tcp://jbecllemsi01.jblab.net:7222</value>
        </NameValuePair>
        <NameValuePair>
            <name>JmsSslProviderUrl</name>
            <value>ssl://jbecllemsi01.jblab.net:7243</value>
        </NameValuePair>
        <NameValuePair>
            <name>RemoteRvDaemon</name>
            <value></value>
        </NameValuePair>
        <NameValuePair>
            <name>RvDaemon</name>
            <value>tcp:7500</value>
        </NameValuePair>
        <NameValuePair>
            <name>RvNetwork</name>
            <value></value>
        </NameValuePair>
        <NameValuePair>
            <name>RvService</name>
            <value>7500</value>
        </NameValuePair>
        <NameValuePair>
            <name>RvaHost</name>
            <value>localhost</value>
        </NameValuePair>
        <NameValuePair>
            <name>RvaPort</name>
            <value>7600</value>
        </NameValuePair>
        <NameValuePair>
            <name>TIBHawkDaemon</name>
            <value>tcp:7494</value>
        </NameValuePair>
        <NameValuePair>
            <name>TIBHawkNetwork</name>
            <value></value>
        </NameValuePair>
        <NameValuePair>
            <name>TIBHawkService</name>
            <value>7494</value>
        </NameValuePair>
    </NVPairs>
    <repoInstances selected="local">
        <httpRepoInstance></httpRepoInstance>
        <rvRepoInstance>
            <discoveryTimout>10</discoveryTimout>
            <regionalSubject></regionalSubject>
            <operationRetry>0</operationRetry>
        </rvRepoInstance>
        <localRepoInstance>
            <encoding>UTF-8</encoding>
        </localRepoInstance>
    </repoInstances>
    <services>
        <bw name="BlueEyeMessageTransferManager.par">
            <enabled>true</enabled>
            <bindings>
                <binding name="BlueEyeMessageTransferManager">
                    <machine>BWTLM3</machine>
                    <product>
                        <type>BW</type>
                        <version>5.11</version>
                        <location>/opt/tibco/DSEngine/work/jbccllbwt903-0/tibco/bw/5.11</location>
                    </product>
                    <setting>
                        <startOnBoot>false</startOnBoot>
                        <enableVerbose>false</enableVerbose>
                        <maxLogFileSize>20000</maxLogFileSize>
                        <maxLogFileCount>5</maxLogFileCount>
                        <threadCount>8</threadCount>
                        <java>
                            <initHeapSize>256</initHeapSize>
                            <maxHeapSize>512</maxHeapSize>
                            <threadStackSize>256</threadStackSize>
                        </java>
                    </setting>
                    <shutdown>
                        <checkpoint>false</checkpoint>
                        <timeout>0</timeout>
                    </shutdown>
                </binding>
            </bindings>
            <NVPairs name="Adapter SDK Properties">
                <NameValuePair>
                    <name>Trace.Task.*</name>
                    <value>false</value>
                </NameValuePair>
                <NameValuePair>
                    <name>EnableMemorySavingMode</name>
                    <value>true</value>
                </NameValuePair>
                <NameValuePair>
                    <name>bw.engine.enableJobRecovery</name>
                    <value>false</value>
                </NameValuePair>
                <NameValuePair>
                    <name>bw.engine.autoCheckpointRestart</name>
                    <value>false</value>
                </NameValuePair>
                <NameValuePair>
                    <name>bw.engine.jobstats.enable</name>
                    <value>false</value>
                </NameValuePair>
                <NameValuePair>
                    <name>log.file.encoding</name>
                    <value></value>
                </NameValuePair>
                <NameValuePair>
                    <name>bw.engine.emaEnabled</name>
                    <value>false</value>
                </NameValuePair>
                <NameValuePair>
                    <name>bw.container.service</name>
                    <value></value>
                </NameValuePair>
                <NameValuePair>
                    <name>bw.container.service.rmi.port</name>
                    <value>9995</value>
                </NameValuePair>
                <NameValuePair>
                    <name>bw.platform.services.retreiveresources.Enabled</name>
                    <value>false</value>
                </NameValuePair>
                <NameValuePair>
                    <name>bw.platform.services.retreiveresources.Hostname</name>
                    <value>localhost</value>
                </NameValuePair>
                <NameValuePair>
                    <name>bw.platform.services.retreiveresources.Httpport</name>
                    <value>8010</value>
                </NameValuePair>
                <NameValuePair>
                    <name>bw.platform.services.retreiveresources.defaultEncoding</name>
                    <value>ISO8859_1</value>
                </NameValuePair>
                <NameValuePair>
                    <name>bw.platform.services.retreiveresources.enableLookups</name>
                    <value>false</value>
                </NameValuePair>
                <NameValuePair>
                    <name>bw.platform.services.retreiveresources.isSecure</name>
                    <value>false</value>
                </NameValuePair>
                <NameValuePair>
                    <name>bw.platform.services.retreiveresources.identity</name>
                    <value>/Identity_HTTPConnection.id</value>
                </NameValuePair>
                <NameValuePair>
                    <name>bw.log4j.configuration</name>
                    <value></value>
                </NameValuePair>
                <NameValuePair>
                    <name>java.property.iapi.app.id</name>
                    <value>FES</value>
                </NameValuePair>
                <NameValuePair>
                    <name>java.property.iapi.app.name</name>
                    <value>FlightBlueEyeMessageTransferManager</value>
                </NameValuePair>
                <NameValuePair>
                    <name>java.property.iapi.app.type</name>
                    <value>bw</value>
                </NameValuePair>
                <NameValuePair>
                    <name>java.property.com.tibco.cep.logger.factory</name>
                    <value>com.jb.monitor.IapiBWLogger</value>
                </NameValuePair>
                <NameValuePair>
                    <name>java.property.iapi.logfile.location</name>
                    <value>/var/log/tibco/flight/iapi-logs</value>
                </NameValuePair>
                <NameValuePair>
                    <name>java.extended.properties</name>
                    <value>-Dlog4j.configuration=file:////opt/tibco/appsconfig/flight/config/log4j.xml</value>
                </NameValuePair>
                <NameValuePair>
                    <name>Jmx.Enabled</name>
                    <value>true</value>
                </NameValuePair>
                <NameValuePair>
                    <name>java.property.com.sun.management.jmxremote</name>
                    <value>true</value>
                </NameValuePair>
                <NameValuePair>
                    <name>java.property.com.sun.management.jmxremote.authenticate</name>
                    <value>false</value>
                </NameValuePair>
                <NameValuePair>
                    <name>java.property.com.sun.management.jmxremote.ssl</name>
                    <value>false</value>
                </NameValuePair>
                <NameValuePair>
                    <name>java.property.com.sun.management.jmxremote.port</name>
                    <value>9021</value>
                </NameValuePair>
                <NameValuePair>
                    <name>java.property.com.sun.management.jmxremote.rmi.port</name>
                    <value>9021</value>
                </NameValuePair>
            </NVPairs>
            <failureCount>0</failureCount>
            <failureInterval>0</failureInterval>
            <bwprocesses>
                <bwprocess name="BlueEyeMessageHandler/Listeners/DelayCommentsListener.process">
                    <starter>DelayMessagMQReceiver</starter>
                    <enabled>false</enabled>
                    <maxJob>0</maxJob>
                    <activation>true</activation>
                    <flowLimit>0</flowLimit>
                </bwprocess>
                <bwprocess name="BlueEyeMessageHandler/Listeners/BaggageClaimMessageListener.process">
                    <starter>BaggageClaimMessageMQReceiver</starter>
                    <enabled>true</enabled>
                    <maxJob>0</maxJob>
                    <activation>true</activation>
                    <flowLimit>0</flowLimit>
                </bwprocess>
                <bwprocess name="BlueEyeMessageHandler/Listeners/BoardingMessageListener.process">
                    <starter>BoardingMessagMQReceiver</starter>
                    <enabled>true</enabled>
                    <maxJob>0</maxJob>
                    <activation>true</activation>
                    <flowLimit>0</flowLimit>
                </bwprocess>
            </bwprocesses>
            <checkpoints selected="Local File">
                <checkpoint>Local File</checkpoint>
                <checkpoint>/ODSLoader/Resources/Connections/JDBCConnections/FlightODSConnection</checkpoint>
                <tablePrefix>BlueEyeMes_82837671</tablePrefix>
            </checkpoints>
            <isFt>false</isFt>
        </bw>
    </services>
</application>