<?xml version="1.0" encoding="UTF-8" standalone="yes"?>
<JMSConnections xmlns="http://jms.utils.jetblue.com/Connections/JMSConfig">
	<JMSConnection id="FlightTracSequencerInput">
       <ConnectionInfo>
            <Username>SVC_INT_FPES</Username>
            <Password>b8t3OMh6qBnJGKSnLzef</Password>
            <JNDIConfig>
                <InitialContextFactory>com.tibco.tibjms.naming.TibjmsInitialContextFactory</InitialContextFactory>
                <InitialContextProperties>
                    <ProviderURL>tcp://JBECLLEMSI01.jblab.net:7222</ProviderURL>
                    <SecurityPrincipal>SVC_INT_FPES</SecurityPrincipal>
                    <SecurityCredential>b8t3OMh6qBnJGKSnLzef</SecurityCredential>
          <SecurityProtocol>tcp</SecurityProtocol>
          <SSLProperties>
            <SSLTrace>true</SSLTrace>
            <SSLDebugTrace>true</SSLDebugTrace>
            <SSLDisableVerifyHost>true</SSLDisableVerifyHost>
            <SSLDisableVerifyHostName>false</SSLDisableVerifyHostName>
          </SSLProperties>
                </InitialContextProperties>	

                <JMSConnectionFactory type="QueueConnectionFactory">
                    <FactoryName>TstFesIntSSLQueueConnectionFactory</FactoryName>
                    <Session>
                        <NumSessions>10</NumSessions>
                        <Transacted>true</Transacted>
                        <AckType>CLIENT_ACKNOWLEDGE</AckType>
                    </Session>
                </JMSConnectionFactory>

            </JNDIConfig>
        </ConnectionInfo>

    </JMSConnection>
	<JMSConnection id="FlightTracSequencerOutput">
       <ConnectionInfo>
            <Username>SVC_INT_FPES</Username>
            <Password>b8t3OMh6qBnJGKSnLzef</Password>
            <JNDIConfig>
                <InitialContextFactory>com.tibco.tibjms.naming.TibjmsInitialContextFactory</InitialContextFactory>
                <InitialContextProperties>
                    <ProviderURL>tcp://JBECLLEMSI01.jblab.net:7222</ProviderURL>
                    <SecurityPrincipal>SVC_INT_FPES</SecurityPrincipal>
                    <SecurityCredential>b8t3OMh6qBnJGKSnLzef</SecurityCredential>
          <SecurityProtocol>tcp</SecurityProtocol>
          <SSLProperties>
            <SSLTrace>true</SSLTrace>
            <SSLDebugTrace>true</SSLDebugTrace>
            <SSLDisableVerifyHost>true</SSLDisableVerifyHost>
            <SSLDisableVerifyHostName>false</SSLDisableVerifyHostName>
          </SSLProperties>
                </InitialContextProperties>	

                <JMSConnectionFactory type="QueueConnectionFactory">
                    <FactoryName>TstFesIntSSLQueueConnectionFactory</FactoryName>
                    <Session>
                        <NumSessions>10</NumSessions>
                        <Transacted>true</Transacted>
                        <AckType>CLIENT_ACKNOWLEDGE</AckType>
                    </Session>
                </JMSConnectionFactory>
            </JNDIConfig>
        </ConnectionInfo>
    </JMSConnection>
</JMSConnections>