<bwprocesses>
                <bwprocess name="FSNT-NMStatusTracker/Listener/AddRemarksToPNR_Response_Processor.process">
                    <starter>Add_Remarks_To_PNR_Response_Subscriber</starter>
                    <enabled>true</enabled>
                    <maxJob>5</maxJob>
                    <activation>true</activation>
                    <flowLimit>15</flowLimit>
				</bwprocess>
                <bwprocess name="FSNT-NMStatusTracker/Listener/NotificationStatusTracker.process">
                    <starter>NMStatusMessage_Receiver</starter>
                    <enabled>true</enabled>
                    <maxJob>10</maxJob>
                    <activation>true</activation>
                    <flowLimit>20</flowLimit>
				</bwprocess>
</bwprocesses>