<project name="CI/CD" basedir="../" default="main">
	<target name="main" depends="-delta">
		<echo message="##################################################################################" />
		<echo message="     TIBCO delta folder created" />
		<echo message="##################################################################################" />
	</target>

	<target name="-delta" depends="-copyDeltas" />
	<!-- 
	Copy .ears from low env to high env. This function copy the newest/unexisting files from source folder
	to the target folder, if the target folder contains files that the source folder don't the funcion
	delete them into the target folder
	 -->
	<target name="-copyDeltas">
		<echo message="##################################################################################" />
		<echo message="     Starting delta creation                          " />
		<echo message="##################################################################################" />
		<tstamp>
			<format property="TODAY" pattern="yyyyMMddHHmm" />
		</tstamp>
		<property name="delta" value="${toEnv}_${TODAY}" />

		<mkdir dir="${toEnv}_${TODAY}" />

		<exec executable="bash">
			<arg value="-c" />
			<arg value="diff -r ${toEnv} ${tmpEnv} | grep ${tmpEnv} | awk '{print $4}' > difference1.txt" />
		</exec>

		<exec executable="bash">
			<arg value="-c" />
			<arg value="cp $(cat difference1.txt) ${delta} --parents" />
		</exec>

		<move todir="${delta}">
			<fileset dir="${delta}/${tmpEnv}/">
				<include name="*/**" />
			</fileset>
		</move>

		<delete dir="${delta}/${tmpEnv}" />
		<delete file="difference1.txt" />

		<copy todir="${tmpEnv}" verbose="true">
			<fileset dir="${toEnv}">
				<filename regex="qa_[0-9]{12}.tar.gz$" />
			</fileset>
		</copy >

		<sync todir="${toEnv}" verbose="true">
			<fileset dir="${tmpEnv}">
				<exclude name="*/qa_**" />
			</fileset>
		</sync>

		<tar destfile="${toEnv}/${delta}.tar" basedir="${delta}" />
		<gzip destfile="${toEnv}/${toEnv}_${TODAY}.tar.gz" src="${toEnv}/${delta}.tar" />
		<!--Deletes the .tar file to keep only the .tar.gz file -->
		<delete file="${toEnv}/${delta}.tar" />
		<delete dir="${tmpEnv}" />
		<delete dir="${delta}" />
	</target>
</project>