<project name="CI/CD" basedir="../" default="main">

<!-- set global properties for this build -->
<property name="destinationDir" value="${tmpEnv}" />
<property name="baseDirName" value="${tmpEnv}/${appsconfigDirName}" />
<property name="destinationFile" value="${appsconfigDirName}" />

<target name="main" depends="createTarball">
	<echo message="##################################################################################"/>
    <echo message="     ${destinationFile}.tar.gz created succesfully"/>
	<echo message="##################################################################################"/>
</target>

<target name="createTarball" depends="-create .tar,-create .gz"/>

	<!-- Creates the container .tar file -->
    <target name="-create .tar">
    	<echo message="##################################################################################"/>
    	<echo message="     Starting creating appsconfig .tar.gz file                         "/>
    	<echo message="##################################################################################"/>
    	<tar destfile="${destinationDir}/${destinationFile}.tar" basedir="${baseDirName}"/>
    </target>

    <target name="-create .gz">
    	<!-- Creates the compresset gzip file from .tar file -->
    	<gzip destfile="${destinationDir}/${destinationFile}.tar.gz" src="${destinationDir}/${destinationFile}.tar"/>
    	<!-- Deletes the .tar file to keep only the .tar.gz file -->
    	<delete>
    	   	<fileset dir="${destinationDir}">
    	    	<include name="${destinationFile}.tar"/>
    	   	</fileset>
    	</delete>
    </target>
</project>