<project name="CI/CD" basedir="../../" default="main">
<property file="build.properties"/>
<!-- set global properties for this build -->
<property name="path" value="qa/${scriptsDirName}/appsdeploy/flight/deployconfig/" />
<property name="pathtmp" value="qa/${scriptsDirName}/appsdeploy/flight/deployconfig_tmp/" />
<property name="namespace" value="xmlns=&quot;http://www.tibco.com/xmlns/ApplicationManagement&quot;" />

	<target name="main" description="Deploy EAR and XML using Appmange and don't start application after deployment">
		
        <exec executable="/bin/sh">
          <arg value="-c" />
          <!-- for Poc use -i ~/.ssh/svctib_id_rsa to indicate the key to ssh -->
          <arg value="ssh -i ~/.ssh/svctib_id_rsa ${tibco.server.ssh.user}&#64;${tibco.server.host} ${tibco.deployment.tra.home}/AppManage --propFile ${tibco.deployment.tra.home}/AppManage.tra -undeploy -app ${tibco.deployment.application} -domain ${tibco.deployment.domain} -cred ${tibco.deployment.credfile} -desc ${tibco.deployment.description} " />
        </exec>
		
	</target>

</project>