<bindings>
<binding name="FSNT_StatusTracker-1">
					
                    <machine>BWTLM07</machine>
                    <product>
                        <type>bwengine</type>
                        <version>5.11</version>
                        <location>%ENGINE_WORK_DIR%%/tibco/bw/5.11</location>
					</product>
                    <description></description>
                    <contact></contact>
					<setting>
                        <startOnBoot>false</startOnBoot>
                        <enableVerbose>false</enableVerbose>
                        <maxLogFileSize>20000</maxLogFileSize>
                        <maxLogFileCount>5</maxLogFileCount>
                        <threadCount>16</threadCount>
                        <java>
                            <initHeapSize>1024</initHeapSize>
                            <maxHeapSize>1024</maxHeapSize>
                            <threadStackSize>2048</threadStackSize>
						</java>
					</setting>
					<ftweight>500</ftweight>
                    <shutdown>
                        <checkpoint>false</checkpoint>
                        <timeout>0</timeout>
					</shutdown>
</binding>
<binding name="FSNT_StatusTracker-2">
					
                    <machine>BWTLM08</machine>
                    <product>
                        <type>bwengine</type>
                        <version>5.11</version>
                        <location>%ENGINE_WORK_DIR%%/tibco/bw/5.11</location>
					</product>
                    <description></description>
                    <contact></contact>
					<setting>
                        <startOnBoot>false</startOnBoot>
                        <enableVerbose>false</enableVerbose>
                        <maxLogFileSize>20000</maxLogFileSize>
                        <maxLogFileCount>5</maxLogFileCount>
                        <threadCount>16</threadCount>
                        <java>
                            <initHeapSize>1024</initHeapSize>
                            <maxHeapSize>1024</maxHeapSize>
                            <threadStackSize>2048</threadStackSize>
						</java>
					</setting>
					<ftweight>500</ftweight>
                    <shutdown>
                        <checkpoint>false</checkpoint>
                        <timeout>0</timeout>
					</shutdown>
</binding>
</bindings>
