<project name="CI/CD" basedir="../" default="main">

<!-- set global properties for this build -->
<property name="copyScriptsFromEnv" value="${fromEnv}/${appsdataDirName}/appsdata/flight/scripts/"></property>
<property name="copyScriptstmpEnv" value="${tmpEnv}/${appsdataDirName}/appsdata/flight/scripts/"></property>
<target name="main" depends="-promote">
	<echo message="##################################################################################"/>
    <echo message="     TIBCO ActiveSpaces script files promoted successfully from ${fromEnv} to ${tmpEnv}"/>
    <echo message="##################################################################################"/>
</target>

<target name="-promote" depends="-copyScripts,-replaceOldValues"/>
	<!-- 
	Copy .xml files from low env to high env. This function copy the newest/unexisting files from source folder
	to the target folder, if the target folder contains files that the source folder don't the funcion
	delete them into the target folder
	 -->
    <target name="-copyScripts">
    <echo message="##################################################################################"/>
    <echo message="     Starting ActiveSpaces script files promotion                          "/>
    <echo message="##################################################################################"/> 
    	<!-- Delete the old .sh files in the target folder -->
    	<delete failonerror="false">
    		<fileset dir="${copyScriptstmpEnv}">
    			<include name="*.sh"/>
    			<include name="*.txt"/>
    		</fileset>
    	</delete>
    	<!-- Copy .sh files from low env to high env -->
    	<copy todir="${copyScriptstmpEnv}" verbose="true" preservelastmodified="true">
    		<fileset dir="${copyScriptsFromEnv}">
    			<include name="*.sh"/>
    			<include name="*.txt"/>
    			<different targetdir="${copyScriptstmpEnv}" ignorefiletimes="true"/>
    		</fileset>
    	</copy>
    </target>
	
	<target name="-replaceOldValues">
	    <echo message="##################################################################################"/>
	    <echo message="     Starting replace values in ActiveSpaces script files                          "/>
	    <echo message="##################################################################################"/> 
	    <!-- Replace the old values with the new specifies in .properties file -->
		<replace dir="${copyScriptstmpEnv}" propertyFile="antscripts/properties/IntToQa.properties">
			<replacefilter token="${discovery.url.int}" property="discovery.url.qa"/>
			<replacefilter token="${sf.instance.int}" property="sf.instance.qa"/>
			<replacefilter token="${jmx.host.int}" property="jmx.host.qa"/>
		</replace>
	</target>
</project>