<project name="CI/CD" basedir="../" default="main">

<!-- set global properties for this build -->
<property name="copyEarsFromEnv" value="${fromEnv}/${earsDirName}/appsdeploy/flight/ears/"></property>
<property name="copyEarstmpEnv" value="${tmpEnv}/${earsDirName}/appsdeploy/flight/ears/"></property>
<target name="main" depends="-promote">
	<echo message="##################################################################################"/>
    <echo message="     TIBCO *.ear files promoted successfully from ${fromEnv} to ${tmpEnv}"/>
    <echo message="##################################################################################"/>
</target>

<target name="-promote" depends="-copyEars"/>
	<!-- 
	Copy .ears from low env to high env. This function copy the newest/unexisting files from source folder
	to the target folder, if the target folder contains files that the source folder don't the funcion
	delete them into the target folder
	 -->
    <target name="-copyEars">
    <echo message="##################################################################################"/>
    <echo message="     Starting .ear files promotion                          "/>
    <echo message="##################################################################################"/> 
        <sync todir="${copyEarstmpEnv}" verbose="true">
  			<fileset dir="${copyEarsFromEnv}"/>
  			<!-- Uncomment this in case to want preserve the .ear files unexisging in the source dir
  			<preserveintarget>
    			<include name="*.ear"/>
  			</preserveintarget>
  			 -->
		</sync>
    </target>
</project>