<project name="CI/CD" basedir="../" default="main">

<!-- set global properties for this build -->
<property name="copyScriptsFromEnv" value="${fromEnv}/${appsconfigAsDirName}/appsconfig/flight/"></property>
<property name="copyScriptstmpEnv" value="${tmpEnv}/${appsconfigAsDirName}/appsconfig/flight/"></property>
<target name="main" depends="-promote">
	<echo message="##################################################################################"/>
    <echo message="     TIBCO ActiveSpaces appsconfig files promoted successfully from ${fromEnv} to ${tmpEnv}"/>
    <echo message="##################################################################################"/>
</target>

<target name="-promote" depends="-copyScripts,-replaceOldValues"/>
	<!-- 
	Copy .xml files from low env to high env. This function copy the newest/unexisting files from source folder
	to the target folder, if the target folder contains files that the source folder don't the funcion
	delete them into the target folder
	 -->
    <target name="-copyScripts">
    <echo message="##################################################################################"/>
    <echo message="     Starting ActiveSpaces appsconfig files promotion                          "/>
    <echo message="##################################################################################"/> 
    	<!-- Delete the old .xml files in the target folder -->
    	<delete failonerror="false">
    		<fileset dir="${copyScriptstmpEnv}">
    			<include name="**/*.xml"/>
    		</fileset>
    	</delete>
    	<!-- Copy .xml files from low env to high env -->
    	<copy todir="${copyScriptstmpEnv}" verbose="true" preservelastmodified="true">
    		<fileset dir="${copyScriptsFromEnv}">
    			<include name="**/*.xml"/>
    			<different targetdir="${copyScriptstmpEnv}" ignorefiletimes="true"/>
    		</fileset>
    	</copy>
    </target>
	
	<target name="-replaceOldValues">
	    <echo message="##################################################################################"/>
	    <echo message="     Starting replace values in ActiveSpaces appsconfig files                          "/>
	    <echo message="##################################################################################"/> 
	    <!-- Replace the old values with the new specifies in .properties file 
		<replace dir="${copyScriptstmpEnv}" propertyFile="antscripts/properties/IntToQa.properties">
			<replacefilter token="${discovery.url.int}" property="discovery.url.qa"/>
			<replacefilter token="${scheduler.discovery.url.int}" property="scheduler.discovery.url.qa"/>
			<replacefilter token="${ems.password.clear.int}" property="ems.password.clear.qa"/>
			<replacefilter token="${ems.jndi.url.int}" property="ems.jndi.url.qa"/>
			<replacefilter token="${ems.queue.conn.factories.int}" property="ems.queue.conn.factories.qa"/>
		</replace>
		-->
		<replaceregexp match="${discovery.url.int}" replace="${discovery.url.qa}" byline="true" flags="i">
			<fileset dir="${copyScriptstmpEnv}" includes="**/*.xml" />
		</replaceregexp>
		<replaceregexp match="${scheduler.discovery.url.int}" replace="${scheduler.discovery.url.qa}" byline="true" flags="i">
			<fileset dir="${copyScriptstmpEnv}" includes="**/*.xml" />
		</replaceregexp>
		<replaceregexp match="${ems.password.clear.int}" replace="${ems.password.clear.qa}" byline="true" flags="i">
			<fileset dir="${copyScriptstmpEnv}" includes="**/*.xml" />
		</replaceregexp>
		<replaceregexp match="${ems.jndi.url.int}" replace="${ems.jndi.url.qa}" byline="true" flags="i">
			<fileset dir="${copyScriptstmpEnv}" includes="**/*.xml" />
		</replaceregexp>
		<replaceregexp match="${ems.queue.conn.factories.int}" replace="${ems.queue.conn.factories.qa}" byline="true" flags="i">
			<fileset dir="${copyScriptstmpEnv}" includes="**/*.xml" />
		</replaceregexp>
	</target>
</project>