<project name="CI/CD" basedir="../" default="main">

<!-- set global properties for this build -->
<property name="copyScriptsFromEnv" value="${fromEnv}/${scriptsDirName}/appsdeploy/flight/"></property>
<property name="copyScriptstmpEnv" value="${tmpEnv}/${scriptsDirName}/appsdeploy/flight/"></property>
<target name="main" depends="-promote">
	<echo message="##################################################################################"/>
    <echo message="     TIBCO deployconfig files promoted successfully from ${fromEnv} to ${tmpEnv}"/>
    <echo message="##################################################################################"/>
</target>

<target name="-promote" depends="-copyScripts,-replaceOldValues"/>
	<!-- 
	Copy .xml files from low env to high env. This function copy the newest/unexisting files from source folder
	to the target folder, if the target folder contains files that the source folder don't the funcion
	delete them into the target folder
	 -->
    <target name="-copyScripts">
    <echo message="##################################################################################"/>
    <echo message="     Starting deployconfig files promotion                          "/>
    <echo message="##################################################################################"/> 
    	<!-- Delete the old .xml files in the target folder -->
    	<delete failonerror="false">
    		<fileset dir="${copyScriptstmpEnv}">
    			<include name="**/*.xml"/>
    			<include name="**/*.sh"/>
    		</fileset>
    	</delete>
    	<!-- Copy .xml files from low env to high env -->
    	<copy todir="${copyScriptstmpEnv}" verbose="true" preservelastmodified="true">
    		<fileset dir="${copyScriptsFromEnv}">
    			<include name="**/*.xml"/>
    			<include name="**/*.sh"/>
    			<different targetdir="${copyScriptstmpEnv}" ignorefiletimes="true"/>
    		</fileset>
    	</copy>
    </target>
	
	<target name="-replaceOldValues">
	    <echo message="##################################################################################"/>
	    <echo message="     Starting replace values in deployconfig files                          "/>
	    <echo message="##################################################################################"/> 
	    <!-- Replace the old values with the new specifies in .properties file 	-->
		<!-- EMS scripts-->
		<replaceregexp match="${ems.username.int}" replace="${ems.username.qa}" byline="true" flags="i">
			<fileset dir="${copyScriptstmpEnv}" includes="**/*.sh" />
		</replaceregexp>
		<!-- XML config files-->
		<!-- EMS -->
		<replaceregexp match="${ems.username.int}" replace="${ems.username.qa}" byline="true" flags="i">
			<fileset dir="${copyScriptstmpEnv}" includes="**/*.xml" />
		</replaceregexp>
		<replaceregexp match="${ems.jndi.url.int}" replace="${ems.jndi.url.qa}" byline="true" flags="i">
			<fileset dir="${copyScriptstmpEnv}" includes="**/*.xml" />
		</replaceregexp>
		<replaceregexp match="${ems.url.int}" replace="${ems.url.qa}" byline="true" flags="i">
			<fileset dir="${copyScriptstmpEnv}" includes="**/*.xml" />
		</replaceregexp>
		<replaceregexp match="${ems.queue.conn.factories.int}" replace="${ems.queue.conn.factories.qa}" byline="true" flags="i">
			<fileset dir="${copyScriptstmpEnv}" includes="**/*.xml" />
		</replaceregexp>
		<replaceregexp match="${ems.topic.conn.factories.int}" replace="${ems.topic.conn.factories.qa}" byline="true" flags="i">
			<fileset dir="${copyScriptstmpEnv}" includes="**/*.xml" />
		</replaceregexp>
		<!-- JDBC -->
		<replaceregexp match="${db.url.int}" replace="${db.url.qa}" byline="true" flags="i">
			<fileset dir="${copyScriptstmpEnv}" includes="**/*.xml" />
		</replaceregexp>
		<replaceregexp match="${db.username.int}" replace="${db.username.qa}" byline="true" flags="i">
			<fileset dir="${copyScriptstmpEnv}" includes="**/*.xml" />
		</replaceregexp>
		<replaceregexp match="${db.password.int}" replace="${db.password.qa}" byline="true" flags="i">
			<fileset dir="${copyScriptstmpEnv}" includes="**/*.xml" />
		</replaceregexp>
		<!-- Environment -->
		<replaceregexp match="${bwtlm03}" replace="${bwtlm11}" byline="true" flags="i">
			<fileset dir="${copyScriptstmpEnv}" includes="**/*.xml" />
		</replaceregexp>
		<replaceregexp match="${location.int}" replace="${location.qa}" byline="true" flags="i">
			<fileset dir="${copyScriptstmpEnv}" includes="**/*.xml" />
		</replaceregexp>
		<replaceregexp match="${datacenter.int}" replace="${datacenter.qa}" byline="true" flags="i">
			<fileset dir="${copyScriptstmpEnv}" includes="**/*.xml" />
		</replaceregexp>
	</target>
</project>