<project name="CI/CD" basedir="../" default="main">

<!-- set global properties for this build -->
<property name="copyScriptsFromEnv" value="${fromEnv}/${monitorDirName}/appsconfig/flight/"></property>
<property name="copyScriptstmpEnv" value="${tmpEnv}/${monitorDirName}/appsconfig/flight/"></property>
<target name="main" depends="-promote">
	<echo message="##################################################################################"/>
    <echo message="     TIBCO monitor files promoted successfully from ${fromEnv} to ${tmpEnv}"/>
    <echo message="##################################################################################"/>
</target>

<target name="-promote" depends="-copyScripts,-replaceOldValues"/>
	<!-- 
	Copy .xml files from low env to high env. This function copy the newest/unexisting files from source folder
	to the target folder, if the target folder contains files that the source folder don't the funcion
	delete them into the target folder
	 -->
    <target name="-copyScripts">
    <echo message="##################################################################################"/>
    <echo message="     Starting monitor files promotion                          "/>
    <echo message="##################################################################################"/> 
    	<!-- Delete the old .xml files in the target folder -->
    	<delete failonerror="false">
    		<fileset dir="${copyScriptstmpEnv}">
    			<include name="**/*"/>
    		</fileset>
    	</delete>
    	<!-- Copy .xml files from low env to high env -->
    	<copy todir="${copyScriptstmpEnv}" verbose="true" preservelastmodified="true">
    		<fileset dir="${copyScriptsFromEnv}">
    			<include name="**/*"/>
    			<different targetdir="${copyScriptstmpEnv}" ignorefiletimes="true"/>
    		</fileset>
    	</copy>
    </target>
	
	<target name="-replaceOldValues">
	    <echo message="##################################################################################"/>
	    <echo message="     Starting replace values in monitor files                          "/>
	    <echo message="##################################################################################"/> 
		<replaceregexp match="${hawk.domain.int}" replace="${hawk.domain.qa}" byline="true" flags="i">
			<fileset dir="${copyScriptstmpEnv}" includes="**/*" />
		</replaceregexp>
	</target>
</project>