<project name="CI/CD" basedir="../" default="main">

<!-- set global properties for this build -->
<property name="copyJarsFromEnv" value="${fromEnv}/${appsdataDirName}/appsdata/flight/ExternalLibraries/"></property>
<property name="copyJarstmpEnv" value="${tmpEnv}/${appsdataDirName}/appsdata/flight/ExternalLibraries/"></property>

<target name="main" depends="promote">
	<echo message="##################################################################################"/>
    <echo message="     External .*jar files promoted successfully from ${fromEnv} to ${tmpEnv}"/>
	<echo message="##################################################################################"/>
</target>

<target name="promote" depends="-copyJars"/>
    <target name="-copyJars">
        <echo message="##################################################################################"/>
        <echo message="     Starting .jar files promotion                                                "/>
        <echo message="##################################################################################"/>
    	<!-- Delete the old .jar files in the target folder -->
    	<delete failonerror="false">
   			<fileset dir="${copyJarstmpEnv}">
      			<include name="*.jar"/>
   			</fileset>
		</delete>

    	<!-- Copy .jar files from low env to high env -->
        <copy todir="${copyJarstmpEnv}" verbose="true" preservelastmodified="true">
           <fileset dir="${copyJarsFromEnv}">
           	<include name="*.jar"/>
           	<include name="*.xml"/>
            <different targetdir="${copyJarstmpEnv}" ignorefiletimes="true"/>
           </fileset>
        </copy>
    </target>
</project>