<project name="CI/CD" basedir="../../" default="main">
<property file="build.properties"/>
<!-- set global properties for this build -->
<property name="path" value="qa/${scriptsDirName}/appsdeploy/flight/deployconfig/" />
<property name="pathtmp" value="qa/${scriptsDirName}/appsdeploy/flight/deployconfig_tmp/" />
<property name="namespace" value="xmlns=&quot;http://www.tibco.com/xmlns/ApplicationManagement&quot;" />
	
	<target name="main"> 
		
		<!--Removes the namespace from the deploy config files which make the xslt fails-->
		<replaceregexp match="${namespace}" replace="" byline="true" flags="i">
			<fileset dir="${path}" includes="**/*.xml" />
		</replaceregexp>
		
		<!--Apply the xslt transformation to add the extra binding and stores them in a tmp folder-->
		<xslt basedir="${path}" destdir="${pathtmp}" extension=".xml" style="antscripts/packages/xslt/binding.xslt"/>
		
		<!--Apply the xslt transformation to add the numeral at the binding name-->
		<xslt basedir="${pathtmp}" destdir="${path}" extension=".xml" style="antscripts/packages/xslt/binding_instances.xslt"/>
				
		<!--Adds the namespace string again to the xml deployconfig files -->
		<replaceregexp match="&lt;application" replace="&lt;application ${namespace}" byline="true" flags="i">
			<fileset file="${path}" includes="**/*.xml" />
		</replaceregexp>
		
		<!--Beautify the xmls in the tmp folder and move them to the original folder -->
		<xslt basedir="${path}" destdir="${pathtmp}_2" extension=".xml" style="antscripts/packages/xslt/pretty.xslt"/>
		
		<copy todir="${path}">
		    <fileset dir="${pathtmp}_2"/>
		</copy>
		
		<!--Deletes the tmp folder-->
		<delete dir="${pathtmp}"/>
		<!--Alternate for bindings
		<target name="updateMachineBindings">
				<loadfile srcfile="${BindingPropertiesFilePath}" property="machinebindings"/>
					<echo message="${machinebindings}" />	
					<replaceregexp file="${tmpEnv}/${scriptsDirName}/appsdeploy/flight/deployconfig/FSNT_StatusTracker.xml"
						match="(?s)&lt;binding[^>]*>.*?&lt;/binding&gt;"
						replace='${machinebindings}' byline="false" />	
		<loadfile srcfile="${bwprocessPropertiesFilePath}" property="updateprocessparams"/>				
		<echo message="${updateprocessparams}" />
		<replaceregexp file="${tmpEnv}/${scriptsDirName}/appsdeploy/flight/deployconfig/FSNT_StatusTracker.xml"
						match="(?s)&lt;bwprocesses[^>]*>.*?&lt;/bwprocesses&gt;"
						replace='${updateprocessparams}' byline="false" />	
						
		    </target> -->

	 </target>
</project>